id,package_name,version_code,release_date,NBI,NOC,NOM,IPM,CC,WMC,NOCH,DIT,LCOM,CBO,PPIV,APD,BSMC,WKL,LOCL,GPS,XML,NTO,NET,I/O,SQL,BMAP
2,com.f2prateek.dfg,1.1.3,November 05 2013,77941,731,5065,15.388154,4150,28754.78796,1,2,39.03735888,0.46374829,10.09125067,0.502051984,13,0,0,0,0,0,0,32,0,16
4,com.midisheetmusic,2.5.1,November 05 2012,20975,68,565,37.12389381,1171,9729.632353,0,1,54.74561102,0.073529412,19.09090909,4.308823529,21,0,0,0,0,0,0,7,0,16
11,ohi.andre.consolelauncher,4.5.b1,July 08 2016,175152,1740,14398,12.16502292,11008,91088.03678,4,2,51.00216118,0.448275862,8.85665529,0.513218391,78,1,0,0,1,0,0,96,0,3
14,org.connectbot,1.8.6,August 28 2015,121988,719,4338,28.12079299,5617,33889.49374,2,4,25.93165416,0.372739917,11.94748359,1.21418637,54,0,0,0,0,0,0,9,73,0
15,org.connectbot,1.8.7,November 25 2015,121990,719,4338,28.12125403,5617,33889.49374,2,4,25.93165416,0.372739917,11.94748359,1.21418637,54,0,0,0,0,0,0,9,73,0
38,org.nick.wwwjdic,2.3.7,January 19 2015,133288,1075,8972,14.85599643,7662,63947.40837,3,3,53.01792815,0.381395349,8.55721393,0.581395349,117,1,0,0,2,6,3,62,52,2
42,net.pierrox.mcompass,1.2.4,January 21 2012,2210,6,31,71.29032258,38,196.3333333,0,1,72.36909915,0.0,4.761904762,0.0,1,0,0,0,0,0,0,0,0,0
51,org.mysociety.FixMyStreet,2.0.4,September 29 2014,46410,257,1914,24.2476489,2491,18551.64981,0,1,0.0,0.80155642,11.27012522,1.848249027,30,0,1,0,0,0,1,72,5,4
64,mohammad.adib.roundr,3.0.1,June 19 2013,4222,39,205,20.59512195,197,1035.512821,0,1,31.04395604,0.461538462,41.13475177,2.717948718,3,0,0,0,0,0,0,0,0,0
86,com.ihunda.android.binauralbeat,2.0.3,October 11 2012,9982,97,490,20.37142857,314,1586.185567,0,1,46.72474332,0.12371134,13.94230769,1.06185567,10,2,0,0,0,0,0,0,0,7
93,com.ghostsq.commander,1.53.6,June 10 2016,137634,1034,7840,17.55535714,8231,62409.12959,2,4,43.72618164,0.329787234,13.25734853,1.65860735,30,4,0,0,0,0,0,161,0,8
95,com.namelessdev.mpdroid,1.06,December 24 2013,106224,907,6985,15.20744452,6057,46646.24587,4,3,43.33237935,0.364939361,12.54331254,0.815876516,36,1,0,0,0,2,1,24,0,9
96,com.namelessdev.mpdroid,1.07.2,January 14 2015,168442,1529,12623,13.3440545,10540,87015.3172,1,3,47.88232774,0.412034009,7.542041787,0.571615435,103,1,0,0,1,2,1,42,0,12
100,com.byagowi.persiancalendar,5.0.6,March 08 2016,139791,1190,9139,15.29609366,10085,77451.10504,0,1,44.73045868,0.640336134,5.827715356,0.53697479,26,0,0,0,1,0,0,8,0,3
101,com.byagowi.persiancalendar,5.1.0,April 04 2016,140989,1205,9195,15.33322458,10130,77299.04564,0,1,42.09009507,0.635684647,5.752608048,0.507053942,24,0,1,0,1,0,0,8,0,3
108,com.fsck.k9,5.007,November 29 2015,445793,2714,21833,20.41831173,24891,200237.7314,1,3,40.77916982,0.418570376,14.50830379,2.172807664,124,14,0,0,6,0,1,377,238,4
109,com.fsck.k9,5.008,February 10 2016,445793,2714,21833,20.41831173,24891,200237.7314,1,3,40.77916982,0.418570376,14.50830379,2.172807664,124,14,0,0,6,0,1,377,238,4
110,com.fsck.k9,5.010,April 15 2016,445979,2720,21849,20.4118724,24898,199998.6772,1,3,40.77916982,0.418382353,14.5135715,2.16875,124,14,0,0,6,0,1,384,238,4
112,org.dmfs.tasks,1.1.6,April 06 2015,130639,1490,11194,11.67044845,9142,68681.57584,1,4,52.8527718,0.389932886,8.430958325,0.508724832,79,1,0,0,1,0,0,24,163,3
113,org.dmfs.tasks,1.1.8.2,February 12 2016,232032,2431,18638,12.44940444,16612,127360.9445,1,4,51.61492128,0.432743727,10.25612222,0.596462361,101,1,0,0,1,0,0,24,193,3
115,com.numix.calculator,2.2,August 20 2014,157290,976,7509,20.94686376,9047,69604.4293,3,2,52.50438694,0.421106557,22.31629876,2.840163934,20,1,0,0,1,3,0,17,0,5
119,net.fred.feedex,1.8.1,April 11 2015,121333,1131,7732,15.69231764,8972,61336.43148,1,2,33.4516024,0.572060124,10.13910355,0.625110522,59,0,0,0,1,0,0,33,22,10
121,net.fred.feedex,1.9.1,March 27 2016,164689,1625,10686,15.41166012,11530,75821.28,1,2,34.31010857,0.611076923,12.44541485,0.832615385,60,0,0,0,1,0,0,43,22,5
129,com.mgaetan89.showsrage,1.1,October 19 2015,305990,2849,22123,13.83130678,18823,146163.9975,15,2,50.73865506,0.517023517,9.112572681,0.619164619,120,1,0,0,1,2,0,59,0,5
137,marto.rtl_tcp_andro,2.2,December 09 2014,48079,543,4058,11.84795466,2988,22330.20994,0,1,37.18596059,0.38305709,7.556859868,0.320441989,14,2,0,0,0,0,0,12,0,1
138,net.osmand.plus,2.3.5,May 19 2016,850919,4515,47957,17.74337427,50393,535259.6016,1,5,48.21615267,0.509191584,14.6157564,2.005758583,292,3,1,1,2,0,0,189,39,22
140,net.osmand.plus,2.4.6,September 08 2016,953643,4845,53631,17.7815629,58072,642819.2842,1,5,48.45670609,0.513312693,13.48354163,1.793601651,301,3,1,1,2,0,0,199,39,23
152,org.openintents.safe,1.4.2-alpha,May 20 2014,51801,488,3427,15.11555296,2847,19993.17418,2,2,33.36268959,0.284836066,10.57951482,0.538934426,100,0,0,0,1,0,0,25,50,0
155,com.nolanlawson.keepscore,1.5.1,March 10 2014,72726,651,4853,14.98578199,4941,36833.59908,1,2,32.55460356,0.479262673,8.744769874,0.732718894,81,1,0,0,1,0,0,16,36,0
156,org.thialfihar.android.apg,1.0.9,November 12 2013,194464,1342,6942,28.01267646,7212,37306.7839,1,3,24.95705656,0.402384501,21.11880934,1.579731744,66,0,0,0,0,0,0,20,51,0
157,org.thialfihar.android.apg,1.1.1,April 04 2014,380384,3533,16849,22.57605793,17400,82981.20577,3,2,30.04062925,0.490801019,21.50132861,1.765638268,73,0,0,0,1,0,1,34,45,2
166,de.j4velin.systemappmover,1.7,November 20 2015,8908,66,346,25.74566474,339,1777.181818,0,1,38.41714286,0.439393939,19.7740113,0.787878788,16,0,0,0,0,0,0,14,0,0
169,jwtc.android.chess,8.4.3,August 31 2014,79077,740,5052,15.65261283,4204,28700.82162,5,2,25.55361003,0.297297297,10.41275797,1.875675676,84,5,0,0,0,0,0,21,16,17
184,com.moez.QKSMS,2.7.1,August 07 2016,284577,2387,15731,18.09020406,16758,110439.9238,3,4,45.13545424,0.404692082,15.62898699,1.073732719,121,4,0,0,1,3,1,48,0,20
186,com.moez.QKSMS,2.7.3,September 08 2016,284640,2388,15737,18.08731016,16765,110481.9116,3,4,45.15415482,0.404522613,15.63576074,1.073701843,122,4,0,0,1,3,1,48,0,21
197,org.michaelevans.nightmodeenabler,1.0,August 29 2016,155738,1625,13201,11.79743959,9998,81220.67569,0,1,47.02048417,0.462769231,7.302158273,0.436923077,81,1,0,0,1,0,0,24,0,3
199,org.linphone,2.5.1-fdroid,September 05 2015,137991,1430,11959,11.5386738,7414,62002.81538,2,2,38.71686192,0.265034965,11.43994031,0.934965035,54,2,0,0,0,0,0,28,24,25
200,org.linphone,3.1.0-fdroid,March 15 2016,156576,1697,13787,11.35678538,8296,67399.50029,1,2,38.41314147,0.27695934,11.2033195,0.883912787,88,3,0,0,0,0,0,30,19,21
202,ru.gelin.android.sendtosd,0.3.10c,January 09 2015,5492,88,388,14.15463918,209,921.5,2,4,50.54217869,0.022727273,20.46783626,0.545454545,12,0,0,0,0,0,0,24,0,0
203,ru.gelin.android.sendtosd,0.3.11,February 02 2015,5483,88,387,14.16795866,209,919.125,2,4,50.05606758,0.022727273,20.46783626,0.545454545,12,0,0,0,0,0,0,24,0,0
209,org.servalproject,0.91,July 22 2013,94240,526,6398,14.729603,4320,52546.31179,1,4,47.32682662,0.325095057,17.97454931,2.224334601,47,3,0,0,0,0,0,92,8,1
221,net.bible.android.activity,2.5.1,April 17 2016,526612,3585,27146,19.39924851,28590,216486.5105,0,1,85.45454545,0.60390516,13.69829684,1.428172943,123,1,0,0,8,0,0,205,35,1
222,net.bible.android.activity,2.7.0,September 15 2016,651130,4731,36729,17.72795339,36823,285874.4382,0,1,89.26940639,0.585288523,11.91459654,1.204819277,148,1,0,0,8,0,0,210,38,3
233,fr.neamar.kiss,2.25.0,August 03 2016,10645,115,511,20.83170254,461,2048.443478,1,2,39.63792026,0.0,22.34042553,0.443478261,21,0,0,0,0,0,0,4,24,2
255,org.telegram.messenger,3.10.1,August 02 2016,743404,5499,32969,22.54857594,44175,264849.168,2,5,38.41906508,0.406801237,20.92999696,1.642662302,170,8,1,0,1,2,0,209,0,26
258,com.bleyl.recurrence,1.4.2,May 26 2016,142186,1332,9882,14.38838292,10667,79137.60811,1,2,43.20308951,0.573573574,7.224334601,0.782282282,47,0,0,0,1,0,0,8,30,0
276,com.frozendevs.cache.cleaner,2.2.0,November 05 2015,84285,749,5901,14.28317234,6504,51241.79439,0,1,46.7558977,0.503337784,7.14893617,0.420560748,63,0,0,0,1,0,0,10,0,0
279,org.dsandler.apps.markers,1.2.3,February 22 2014,8044,38,350,22.98285714,361,3325.0,0,1,62.5,0.657894737,12.59259259,2.947368421,15,0,0,0,0,0,0,8,0,6
282,org.scid.android,1.42,March 15 2013,60326,517,3777,15.9719354,3706,27074.58801,1,3,37.39488404,0.272727273,10.34031414,0.49516441,110,0,0,0,1,0,0,52,0,3
288,net.sourceforge.opencamera,1.32,July 22 2016,123726,1281,9913,12.48118632,7092,54881.33958,3,2,29.37090716,0.335675254,7.253582919,0.334894614,30,1,1,0,0,0,0,32,0,10
289,net.sourceforge.opencamera,1.32.1,July 27 2016,124306,1281,9925,12.52453401,7120,55164.71507,3,2,29.415638,0.335675254,7.267950963,0.335675254,30,1,1,0,0,0,0,33,0,11
290,net.sourceforge.opencamera,1.33,August 29 2016,127260,1293,10023,12.69679737,7278,56417.16473,4,2,30.63170418,0.332559938,7.385229541,0.351121423,30,1,1,0,0,0,0,32,0,11
292,org.sickstache,2.2.2,October 27 2012,94645,948,7004,13.51299258,5646,41713.6962,3,4,45.13665075,0.448312236,17.49363868,1.024261603,58,0,0,0,1,0,0,25,0,4
299,com.watabou.pixeldungeon,1.7.5a,January 26 2015,92141,929,4832,19.06891556,4324,22490.38536,3,6,61.06848256,0.052744887,30.45571245,4.301399354,7,0,0,0,0,0,0,0,0,4
300,com.watabou.pixeldungeon,1.9.1,October 05 2015,94756,960,4994,18.97396876,4423,23008.81458,2,6,60.90257913,0.055208333,30.61991234,4.244791667,7,0,0,0,0,0,0,0,0,4
302,com.concentricsky.android.khan,1.2.2,December 11 2013,284459,2091,17454,16.29763951,16650,138980.9182,0,1,66.66666667,0.43663319,31.4356876,4.821616451,45,0,0,0,0,5,0,82,123,3
307,com.alfray.timeriffic,1.09.05,January 31 2011,18049,129,831,21.71961492,788,5076.186047,2,3,46.3473941,0.015503876,14.68926554,1.713178295,13,2,0,0,0,0,0,6,26,0
315,name.boyle.chris.sgtpuzzles,2015-09-10-2219-eda5a86,September 14 2015,90650,802,5880,15.41666667,6495,47619.202,1,3,24.46211853,0.42394015,8.770555991,0.664588529,90,0,0,0,1,0,0,31,0,0
316,name.boyle.chris.sgtpuzzles,2016-01-13-0847-1d9d6cb,January 15 2016,79870,739,5352,14.92339312,5714,41382.0406,1,3,23.61918781,0.433017591,8.449514153,0.663058187,94,0,0,0,1,0,0,31,0,0
318,github.daneren2005.dsub,4.3.5,January 15 2014,164899,1336,10486,15.72563418,9955,78134.82784,8,4,40.13202737,0.357035928,7.263871241,0.821856287,91,2,0,0,2,13,1,81,0,5
319,github.daneren2005.dsub,5.0.3,October 08 2015,399764,3075,20656,19.35340821,23710,159269.5154,6,4,35.27479737,0.437723577,24.48889866,2.303414634,131,1,0,0,3,15,2,109,0,8
351,de.srlabs.snoopsnitch,1.0.1,January 04 2016,128314,1326,9802,13.09059376,6138,45373.05882,4,3,38.26534779,0.325037707,8.285385501,0.407993967,43,7,2,0,0,0,0,29,104,6
364,com.colinmcdonough.android.torch,0.2.3,April 22 2013,450,9,43,10.46511628,30,143.3333333,0,1,38.19875776,0.0,0.0,0.0,3,1,0,0,0,0,0,0,0,0
373,vu.de.urpool.quickdroid,4.4,February 02 2014,8433,70,362,23.29558011,345,1784.142857,8,2,56.21497768,0.0,7.738095238,0.057142857,13,0,0,0,0,0,0,1,28,1
374,com.kaneoriley.cyanogenport.launcher3,12.1-150804,August 28 2015,476381,3998,32463,14.67458337,24620,199909.7199,0,1,0.0,0.634317159,9.46383338,0.71935968,114,1,0,0,1,0,0,68,137,23
378,de.szalkowski.activitylauncher,1.5.1,September 28 2015,67102,841,6237,10.75869809,3855,28589.34007,3,2,35.19285714,0.384066587,7.681088965,0.413793103,30,1,0,0,0,0,0,16,0,3
382,org.brandroid.openmanager,0.212,February 21 2013,280949,1639,14054,19.99067881,16357,140257.0336,6,3,38.94309331,0.439292251,11.17639705,1.55033557,127,0,0,0,1,0,0,100,48,22
400,info.papdt.blackblub,1.0.2.2,April 04 2016,98936,1130,8660,11.42448037,5344,40954.90265,0,1,42.37637363,0.397345133,9.015639374,0.453982301,17,1,0,0,0,0,0,16,0,5
409,com.nauj27.android.colorpicker,3.1,November 17 2013,31724,333,2578,12.3056633,1963,15197.03904,0,1,27.29864785,0.405405405,6.934306569,0.318318318,10,0,0,0,0,0,0,7,0,3
413,acr.browser.lightning,4.0.10a,May 11 2015,526244,3892,29106,18.08025837,25602,191462.4388,8,3,34.17803242,0.494090442,18.2576793,2.076824255,134,1,0,0,1,0,0,86,14,9
414,acr.browser.lightning,4.2.3a,October 03 2015,160141,1428,9395,17.04534327,11771,77442.95868,1,3,31.04932328,0.662464986,11.17673785,0.56232493,32,0,0,0,1,0,0,49,12,5
415,acr.browser.lightning,4.3.3,April 25 2016,185715,1702,11018,16.85559993,13716,88791.35605,1,3,33.74123217,0.672737955,10.98099443,0.541715629,33,0,0,0,1,0,0,55,12,5
422,com.github.andlyticsproject,2.5.8,February 05 2014,110477,841,6369,17.34605119,6461,48929.97503,13,4,46.05749353,0.378121284,11.37931034,0.912009512,69,0,0,0,1,7,3,30,102,8
431,de.ub0r.android.callmeter,3.10,November 18 2013,109363,749,6035,18.12145816,6814,54903.19092,1,2,42.54839953,0.427236315,8.789954338,0.795727637,104,1,0,0,3,0,0,29,111,0
432,de.qspool.clementineremote,8.5,January 30 2014,204998,1335,16882,12.14299254,11036,139557.8667,6,2,51.6787514,0.464419476,11.6952381,1.36928839,103,2,0,0,1,0,0,31,17,3
433,de.qspool.clementineremote,v10.1,December 16 2014,234379,1782,19837,11.81524424,12523,139404.4618,8,2,51.35233215,0.455106622,10.55836056,1.101571268,131,2,0,0,1,0,0,39,17,5
440,com.shahul3d.indiasatelliteweather,2.0 alpha,January 28 2015,164517,1597,12593,13.06416263,9868,77813.2273,1,2,42.69726632,0.479649343,9.701625871,0.671884784,72,1,0,0,2,0,0,38,0,9
448,org.yuttadhammo.BodhiTimer,4.1.3,October 08 2014,29638,257,1368,21.66520468,2117,11268.70039,0,1,30.91290762,0.420233463,3.790087464,0.284046693,32,0,0,0,0,0,0,4,0,18
454,com.ghstudios.android.mhgendatabase,1.1.1,August 18 2016,270665,2440,19524,13.86319402,15695,125585.7295,0,1,89.21933086,0.532786885,8.088527193,0.555327869,124,1,0,0,1,0,0,28,50,26
455,goo.TeaTimer,1.6,May 18 2011,2585,27,127,20.35433071,73,343.3703704,0,1,34.47264508,0.0,4.310344828,0.037037037,3,0,0,0,0,0,0,0,0,4
469,net.kervala.comicsreader,1.2,March 15 2014,14064,66,612,22.98039216,996,9235.636364,2,2,60.21899522,0.0,18.51851852,6.121212121,18,0,0,0,0,0,0,46,15,7
471,net.kervala.comicsreader,2.0b,October 27 2014,14478,66,620,23.3516129,1037,9741.515152,2,2,60.40738082,0.0,18.9119171,6.560606061,18,0,0,0,0,0,0,46,17,7
476,org.yaxim.androidclient,0.8.8,September 09 2014,169600,858,6118,27.72147761,7397,52744.57576,1,2,28.48063733,0.552447552,13.40533672,1.251748252,54,1,0,0,1,0,1,27,20,0
479,com.gelakinetic.mtgfam,3.3.1-foss,May 13 2016,466655,3893,29821,15.64853627,28862,221087.5166,1,2,35.43583694,0.466221423,13.08647027,1.598253275,129,1,0,0,1,0,0,142,74,16
480,com.gelakinetic.mtgfam,3.3.3-foss,July 17 2016,466655,3893,29821,15.64853627,28862,221087.5166,1,2,35.43583694,0.466221423,13.08647027,1.598253275,129,1,0,0,1,0,0,142,74,16
481,com.gelakinetic.mtgfam,3.3.4-foss,September 19 2016,467962,3842,29447,15.89166978,29065,222768.6244,1,2,30.32794869,0.473191046,13.16287879,1.628578865,128,1,0,0,1,0,0,142,74,16
485,nitezh.ministock,67,September 13 2016,10745,106,621,17.30273752,427,2501.575472,2,3,31.47112664,0.0,14.67889908,0.650943396,20,0,0,0,0,0,0,1,0,0
496,org.qii.weiciyuan,0.483,February 04 2013,96580,1000,6786,14.23224285,4591,31154.526,3,4,44.73983152,0.212,8.542538354,0.497,155,0,1,0,0,0,0,45,73,13
501,eu.faircode.netguard,2.44,August 06 2016,140550,1055,8275,16.98489426,10462,82059.76303,0,1,25.94479732,0.630331754,9.401475813,0.655924171,115,2,0,0,2,0,0,28,137,6
507,jackpal.androidterm,1.0.70,April 16 2015,21597,168,1031,20.94762367,1269,7787.732143,1,3,47.32883831,0.005952381,5.422993492,0.273809524,15,1,0,0,0,0,0,18,0,1
521,com.farmerbb.taskbar,1.2,September 21 2016,80378,822,5671,14.17351437,6292,43408.6764,1,2,21.66783028,0.572992701,5.017921147,0.386861314,30,0,0,0,1,0,0,8,0,1
528,com.aselalee.trainschedule,1.19,October 27 2014,6357,61,328,19.38109756,111,596.852459,0,1,23.78295366,0.032786885,13.6,0.180327869,14,0,0,0,0,0,0,0,69,0
531,com.ds.avare,6.1.0,July 25 2015,72446,418,2623,27.61951963,2865,17978.2177,3,2,48.53201207,0.011961722,8.620689655,0.729665072,135,0,1,8,9,0,0,68,36,4
533,giraffine.dimmer,3.3.0,February 13 2015,46316,438,3491,13.26725867,2818,22460.36073,0,1,46.53893514,0.349315068,8.996815287,0.593607306,12,0,0,0,0,0,0,7,0,2
534,giraffine.dimmer,3.3.1,December 03 2015,46316,438,3491,13.26725867,2818,22460.36073,0,1,46.53893514,0.349315068,8.996815287,0.593607306,12,0,0,0,0,0,0,7,0,2
536,dk.andsen.asqlitemanager,3.6,May 14 2013,19572,105,571,34.27670753,703,3822.980952,0,1,22.52635435,0.361904762,5.502392345,1.523809524,94,0,0,0,0,0,0,28,75,0
538,in.blogspot.anselmbros.torchie,1.2.0,February 09 2016,92740,890,6759,13.72096464,7420,56350.31461,0,1,33.63656663,0.621348315,5.379810598,0.540449438,20,0,0,0,1,0,0,8,0,0
539,in.blogspot.anselmbros.torchie,2.0,May 19 2016,95923,953,6928,13.84569861,7594,55205.90976,0,1,33.4591021,0.598111228,5.635752422,0.524658972,21,0,0,0,1,0,0,8,0,1
545,org.wordpress.android,2.7.1,April 12 2014,292055,2432,18149,16.09207119,17717,132214.5695,1,4,39.42746742,0.302631579,12.19453473,0.953536184,212,2,2,0,3,4,4,59,308,22
546,com.pilockerstable,3.0,October 20 2014,49245,574,4102,12.00511945,3055,21832.07317,0,1,26.1668011,0.386759582,6.638714186,0.263066202,52,1,0,0,0,0,0,13,0,3
548,com.yassirh.digitalocean,2.1.2,January 03 2016,255258,2640,19611,13.01606241,14838,110222.7341,9,2,49.75696199,0.447727273,11.57244886,1.126136364,106,1,0,0,2,2,0,45,54,3
557,de.blinkt.openvpn,0.6.52,April 17 2016,162897,1520,11915,13.67159043,9898,77588.59868,2,2,39.5876198,0.378947368,9.440715884,0.584868421,39,1,0,0,0,0,0,50,0,3
558,de.blinkt.openvpn,0.6.54,May 07 2016,163349,1520,11924,13.69917813,9929,77890.39211,2,2,39.72128509,0.378947368,9.438604339,0.584868421,39,1,0,0,0,0,0,50,0,3
559,de.blinkt.openvpn,0.6.57,August 02 2016,170511,1608,12491,13.65070851,10420,80942.92289,2,2,37.82331862,0.368159204,9.444922547,0.585820896,41,1,0,0,0,0,0,50,0,3
563,it.iiizio.epubator,0.12,September 06 2015,376645,1891,17078,22.05439747,20924,188968.8377,0,1,36.87864568,0.445267054,30.40118195,6.774193548,20,1,0,0,0,0,0,100,0,6
572,com.jefftharris.passwdsafe,5.2.0,February 11 2015,475307,3485,22714,20.92572863,19911,129772.8706,2,3,39.7303999,0.434433286,19.20844829,1.610043042,29,1,0,0,0,0,0,41,36,3
582,com.harleensahni.android.mbr,1.5.1,May 22 2014,2137,30,100,21.37,125,416.6666667,1,2,34.13355523,0.0,12.5,0.233333333,5,2,0,0,0,0,0,0,0,0
590,com.morlunk.mumbleclient,3.2.0,October 28 2014,784482,5772,45492,17.24439462,36874,290622.316,5,3,33.944263,0.504504505,16.29540875,1.610533611,116,3,0,0,2,0,0,104,34,6
593,org.transdroid.lite,2.5.1,August 24 2015,278951,2445,18860,14.79061506,15026,115906.0777,0,1,0.0,0.532515337,13.29737336,1.301022495,101,1,0,0,3,6,38,98,24,5
594,org.transdroid.lite,2.5.5,November 25 2015,307448,2777,20950,14.6753222,16715,126099.838,0,1,0.0,0.520705798,13.24196312,1.211019085,100,1,0,0,3,6,38,99,24,5
595,org.transdroid.lite,2.5.7,May 21 2016,319069,2847,21589,14.77923943,17551,133090.4598,0,1,0.0,0.524060414,13.1833432,1.218826835,101,1,0,0,3,6,38,99,24,5
603,com.doplgangr.secrecy,alpha-4.0,September 28 2014,82744,918,5936,13.9393531,5707,36902.77996,1,3,29.94912975,0.517429194,7.949231797,0.51416122,42,0,0,0,0,0,0,70,12,5
609,net.nurik.roman.muzei,1.0.1,March 03 2014,67029,541,3387,19.79007972,4230,26482.45841,0,1,73.33333333,0.634011091,7.34861846,0.554528651,18,3,0,0,0,0,0,28,20,10
612,com.soyblue.bluesound,1.4,April 06 2015,105571,1101,9151,11.53655338,6912,57449.3297,0,1,50.08663843,0.473206176,6.335660719,0.354223433,64,1,0,0,1,0,0,24,0,3
625,org.tint,1.8,January 07 2014,30589,326,1774,17.24295378,1377,7493.245399,1,3,32.49159258,0.0,9.081419624,0.978527607,59,0,0,0,0,0,0,4,15,8
626,com.thibaudperso.sonycamera,2.0.2,February 11 2015,69882,897,6501,10.74942317,4034,29236.38127,5,2,37.32582494,0.360089186,6.627326373,0.258639911,16,1,0,0,0,2,1,16,0,5
628,com.thibaudperso.sonycamera,2.0.4,March 07 2016,99844,1274,9220,10.82906725,5477,39637.31554,5,2,37.58205265,0.36577708,8.390243902,0.380690738,20,2,0,0,0,2,0,21,0,7
642,org.kde.necessitas.ministro,7.0,November 05 2012,8394,38,183,45.86885246,357,1719.236842,1,2,44.91861456,0.0,8.058608059,0.894736842,12,1,0,0,0,0,0,24,0,0
643,org.kde.necessitas.ministro,10.0,October 05 2014,12989,50,266,48.83082707,530,2819.6,2,2,40.82208444,0.0,11.20943953,1.44,10,0,0,0,0,0,0,53,0,0
646,org.odk.collect.android,1.2.2,January 02 2013,257092,1548,13750,18.6976,14614,129807.8165,3,3,39.83583287,0.440568475,18.96895988,3.228682171,125,0,2,4,0,0,0,136,48,9
651,de.onyxbits.remotekeyboard,1.6,March 07 2014,64995,602,4897,13.27241168,3798,30895.02658,0,1,67.42919118,0.428571429,7.859798194,0.558139535,28,1,0,0,0,0,0,11,16,1
654,org.sipdroid.sipua,3.5 beta,May 17 2014,60172,329,2850,21.11298246,3262,28257.44681,2,2,41.95427248,0.294832827,22.31759657,5.200607903,28,10,0,0,0,0,0,21,0,0
655,org.sipdroid.sipua,3.6 beta,December 03 2014,60257,329,2850,21.14280702,3265,28283.43465,2,2,41.95507861,0.294832827,22.30164403,5.209726444,28,10,0,0,0,0,0,21,0,0
661,org.yuttadhammo.tipitaka,9.2,May 09 2014,91504,734,6319,14.48077227,5429,46738.21662,0,1,29.81008844,0.404632153,6.641300588,0.561307902,135,0,0,0,1,0,0,27,83,1
678,de.ub0r.android.smsdroid,1.5.1,October 20 2013,72554,567,5175,14.02009662,4714,43024.60317,0,1,53.94132367,0.476190476,8.481421648,0.675485009,69,0,0,0,1,0,0,14,7,3
682,dev.ukanth.ufirewall,2.2.3,March 18 2016,252472,2251,18314,13.78573769,14982,121892.6468,16,2,42.68450032,0.455797423,10.99122599,0.80586406,104,1,0,0,1,0,0,98,35,3
684,dev.ukanth.ufirewall,2.5.2,August 14 2016,326803,2798,21927,14.90413645,17939,140582.0061,15,2,43.73965764,0.467476769,10.0806078,0.73659757,135,1,0,0,1,0,0,102,15,3
689,uk.org.ngo.squeezer,0.9.1,April 08 2013,63372,645,4434,14.29228687,3082,21186.95814,1,5,37.54686585,0.210852713,10.25029797,0.511627907,48,1,0,0,0,2,2,18,0,8
711,net.momodalo.app.vimtouch,2.3,March 30 2013,45407,423,3448,13.16908353,2832,23084.48227,1,2,45.01184583,0.392434988,5.915670233,0.340425532,24,0,0,0,0,0,0,37,0,1
715,com.gulshansingh.hackerlivewallpaper,1.8.2,September 01 2015,58867,523,3964,14.85040363,4782,36244.45124,2,2,53.08472333,0.592734226,5.016477481,0.487571702,19,0,0,0,0,0,0,8,0,0
729,com.duckduckgo.mobile.android,3.0.11,September 29 2015,531558,4145,30376,17.49927574,27207,199382.3479,2,3,48.08438532,0.495778046,18.3534592,1.995657419,101,1,0,0,1,3,0,64,83,11
730,com.duckduckgo.mobile.android,3.0.12,February 06 2016,537751,4227,30852,17.43002074,27589,201366.4131,2,3,48.08128771,0.498698841,18.14127369,1.960728649,101,1,0,0,1,3,0,64,87,11
731,ru.meefik.busybox,1.24.2,April 18 2016,137360,1458,11898,11.54479744,8674,70784.12346,1,2,54.37667112,0.455418381,7.455065359,0.417009602,80,1,0,0,1,0,0,35,0,3
734,com.totsp.crossword.shortyz,3.2.10,November 18 2013,22392,159,874,25.6201373,1101,6052.037736,0,1,92.85714286,0.710691824,13.94849785,0.767295597,15,0,0,0,2,0,4,82,0,0
735,com.tmarki.comicmaker,1.5.4,February 14 2013,13466,104,598,22.51839465,547,3145.25,1,2,34.70814539,0.086538462,17.55485893,2.394230769,39,0,1,0,0,0,0,11,18,7
739,me.bpear.archonpackager,0.9.6,November 12 2014,67029,601,4871,13.7608294,4086,33116.31614,0,1,44.60227273,0.439267887,6.349206349,0.635607321,22,1,0,0,0,0,0,95,0,1
750,com.vuze.android.remote,2.2.4,January 15 2015,140273,1144,7771,18.05083001,10158,69001.58916,2,2,27.8928266,0.434440559,9.019392609,1.716783217,85,0,0,0,0,0,3,17,0,1
751,com.vuze.android.remote,2.3.1,April 02 2016,226221,1883,13683,16.53299715,17025,123713.7945,1,3,25.99917472,0.473181094,7.504655493,1.311205523,107,0,0,0,1,2,3,19,0,5
752,com.ringdroid,2.6,October 11 2012,14759,82,451,32.72505543,447,2458.5,4,2,23.09566835,0.0,6.116207951,0.524390244,26,0,0,0,0,2,0,27,0,0
753,com.ringdroid,2.7.2,June 08 2015,9910,73,419,23.65155131,349,2003.164384,0,1,21.59927183,0.0,4.016064257,0.465753425,30,0,0,0,0,0,0,8,0,0
754,com.ringdroid,2.7.3,June 24 2015,10891,79,442,24.64027149,393,2198.810127,0,1,20.48422154,0.0,3.861003861,0.430379747,31,0,0,0,0,0,0,14,0,0
757,com.mill_e.twitterwrapper,1.5.1,April 16 2015,74559,907,6701,11.12654828,4367,32263.80044,1,2,64.36596216,0.406835722,7.371928363,0.41014333,25,1,0,0,0,0,0,29,0,16
771,com.gpl.rpg.AndorsTrail,0.7.1,February 27 2014,75641,744,4732,15.98499577,3849,24480.46774,14,3,55.15082885,0.196236559,21.52800259,2.172043011,47,0,0,0,0,0,0,17,0,1
780,com.frostwire.android,1.0.7,April 22 2013,771600,5886,44056,17.514073,39363,294627.3068,2,3,44.32278013,0.505946313,18.48894998,1.825518179,49,0,0,0,1,12,1,612,33,10
783,org.tasks,4.9.4,August 12 2016,272189,2563,16474,16.52233823,16463,105817.9719,13,4,54.85784283,0.499024581,9.568999605,0.889192353,118,0,0,0,1,0,0,43,14,3
789,com.google.android.apps.authenticator2,2.21,August 23 2012,7077,105,475,14.89894737,246,1112.857143,0,1,81.81818182,0.571428571,17.8030303,0.542857143,19,0,0,0,0,2,0,0,12,0
796,com.vrem.wifianalyzer,1.5.7,August 25 2016,106410,856,6303,16.88243693,6371,46911.69743,2,2,54.71962522,0.627336449,8.936793638,1.122663551,24,0,0,0,1,0,0,8,5,0
797,com.vrem.wifianalyzer,1.5.8,September 18 2016,106571,857,6314,16.87852392,6384,47034.51109,2,2,54.89774623,0.625437573,8.862876254,1.113185531,24,0,0,0,1,0,0,8,5,0
799,com.shatteredpixel.shatteredpixeldungeon,0.4.0,June 24 2016,133594,1207,6071,22.00527096,6267,31521.91964,6,6,54.0192326,0.052195526,37.89826719,4.13918807,8,0,0,0,0,0,0,0,0,4
800,com.shatteredpixel.shatteredpixeldungeon,0.4.1a,August 12 2016,135262,1213,6136,22.04400261,6374,32243.08656,6,6,53.78882853,0.051112943,37.83259424,4.185490519,8,0,0,0,0,0,0,0,0,4
801,com.shatteredpixel.shatteredpixeldungeon,0.4.2a,September 15 2016,132360,1219,6195,21.36561743,6541,33241.58737,6,6,54.12711828,0.050861362,37.7851058,4.242821985,8,0,0,0,0,0,0,0,0,4
805,com.darshancomputing.BatteryIndicator,9.0.1,April 15 2016,33716,342,2661,12.67042465,2082,16199.42105,0,1,54.38006991,0.374269006,8.892763731,0.666666667,16,0,0,0,0,0,0,6,0,2
807,com.darshancomputing.BatteryIndicator,10.0.1-beta1,August 19 2016,35264,334,1963,17.9643403,2219,13041.60778,0,1,48.64960368,0.350299401,10.26315789,0.520958084,19,0,0,0,0,0,0,2,0,2
834,com.owncloud.android,2.1.1,September 08 2016,336984,2719,22586,14.92003896,20748,172348.0427,1,3,45.8776279,0.431408606,11.0324538,1.066200809,201,1,0,0,3,0,0,149,108,9
841,de.danoeh.antennapod,1.5.2.0,March 18 2016,456096,3992,28849,15.8097681,28032,202578.9499,4,3,34.62981745,0.451903808,23.22576234,2.065380762,182,4,0,0,2,0,0,137,180,8
843,de.danoeh.antennapod,1.6.1.2,June 25 2016,461253,4070,29335,15.7236407,28315,204083.6671,1,4,38.20942454,0.444717445,23.06669326,2.022113022,192,4,0,0,2,0,0,137,202,8
846,com.github.wdkapps.fillup,1.7.2,March 10 2015,97172,1053,7887,12.32052745,4809,36019.54701,1,2,47.61062687,0.396011396,9.652638611,0.509021842,32,1,0,0,0,0,0,28,17,4
856,teaonly.droideye,1.6.1,June 15 2013,5137,56,289,17.77508651,233,1202.446429,1,2,46.65419122,0.107142857,17.91044776,0.625,2,0,0,0,0,0,0,12,0,0
857,teaonly.droideye,2.3,February 02 2015,14670,79,631,23.24881141,753,6014.468354,1,2,47.57926333,0.35443038,24.65753425,3.367088608,2,0,0,0,0,0,0,20,0,0
863,com.achep.acdisplay,3.8.4,August 02 2015,231716,2217,16793,13.79836837,14902,112877.4407,2,4,42.59363244,0.464140731,11.10725443,0.911592242,98,6,0,0,1,0,0,30,5,5
866,com.eleybourn.bookcatalogue,5.0.7,June 05 2013,264367,2246,15193,17.40057921,14872,100601.2004,2,4,36.16439197,0.295636687,13.24912658,1.253784506,222,0,0,0,10,6,0,127,268,10
867,eu.mrogalski.saidit,1.3.38,October 31 2014,57763,594,3413,16.92440668,4694,26970.74411,1,3,17.58813527,0.693602694,8.106001559,1.34006734,23,0,0,0,0,0,0,14,0,0
872,com.angrydoughnuts.android.alarmclock,1.9,December 13 2013,10501,152,689,15.24092888,265,1201.217105,2,2,29.55262443,0.0,13.26259947,0.526315789,17,1,0,0,0,0,0,1,17,0
873,com.angrydoughnuts.android.alarmclock,1.10,June 17 2016,101491,1297,9281,10.93535179,5476,39184.85428,2,2,29.68696661,0.350809561,7.775653282,0.3384734,26,2,0,0,0,0,0,17,17,3
876,com.adam.aslfms,1.5.0,August 26 2016,226890,2049,16969,13.37085273,14873,123172.2484,2,3,59.42738132,0.466569058,7.806876008,0.503660322,118,1,0,0,1,0,0,24,35,7
888,com.nilhcem.hostseditor,1.4,January 02 2015,142557,1384,11179,12.75221397,8586,69351.80202,2,2,54.1564737,0.466040462,10.02886003,0.486271676,44,1,0,0,1,0,0,106,0,3
900,org.jsl.wfwt,1.10,June 02 2016,20342,150,816,24.92892157,1128,6136.32,7,3,43.74373715,0.473333333,15.44991511,0.9,5,0,0,0,0,0,0,2,0,1
901,org.npr.android.news,2.4,July 31 2013,135295,826,7539,17.94601406,7657,69886.34746,6,4,30.17466624,0.273607748,46.34146341,8.940677966,31,0,1,0,1,0,1,23,17,2
912,com.gmail.jerickson314.sdscanner,1.11,February 16 2015,1203,14,90,13.36666667,47,302.1428571,0,1,30.50619855,0.0,9.090909091,0.428571429,1,0,0,0,0,0,0,3,0,0
916,com.olam,1.0,November 04 2014,47786,511,3932,12.15310275,3020,23238.04305,0,1,35.22058824,0.40704501,6.509803922,0.266144814,15,1,0,0,0,0,0,11,6,1
919,de.ub0r.android.websms,4.7.1,October 20 2013,72554,567,5175,14.02009662,4714,43024.60317,0,1,53.94132367,0.476190476,8.481421648,0.675485009,69,0,0,0,1,0,0,14,7,3
922,org.ppsspp.ppsspp,1.1.1.0,November 15 2015,5215,53,308,16.93181818,271,1574.867925,1,2,56.11825921,0.264150943,12.12121212,0.339622642,11,0,0,0,0,0,0,3,0,0
926,com.catchingnow.tinyclipboardmanager,1.5.0,May 02 2015,145233,1336,11583,12.53846154,9417,81644.54416,1,3,30.98045,0.461077844,6.89233279,0.420658683,86,1,0,0,1,0,0,27,10,4
929,com.zaren,1.24,September 07 2013,35775,404,2974,12.02925353,2109,15525.16337,3,2,48.18376774,0.297029703,12.28239845,1.059405941,12,0,0,0,1,0,0,5,0,0
945,org.wikipedia,2.3.150-fdroid,August 02 2016,464694,4331,30236,15.368898,27345,190903.5835,1,5,43.68712637,0.424844147,12.24462722,0.781574694,194,0,1,2,1,0,0,105,23,17
946,org.wikipedia,r/2.3.152-r-2016-08-18,September 11 2016,427104,4205,28116,15.19078105,23898,159789.814,1,5,44.67268336,0.408085612,11.93621244,0.711058264,192,0,1,2,1,0,0,100,23,17
947,org.wikipedia,beta/2.4.156-beta-2016-09-19,September 21 2016,464694,4331,30236,15.368898,27345,190903.5835,1,5,43.68712637,0.424844147,12.24462722,0.781574694,194,0,1,2,1,0,0,105,23,17
962,org.geometerplus.zlibrary.ui.android,2.0.6-ics,September 03 2014,180174,1753,10406,17.31443398,9747,57859.25956,2,3,32.91218526,0.579577867,20.66974596,1.376497433,73,1,0,0,0,2,2,54,228,3
963,org.geometerplus.zlibrary.ui.android,2.1-ics,July 11 2015,180829,1757,10422,17.35070044,9766,57928.99943,2,3,32.91218526,0.579396699,20.71674971,1.384746727,73,1,0,0,0,2,2,54,228,3
974,com.easytarget.micopi,3.4.5,February 04 2016,188312,1777,15032,12.5274082,12478,105553.9088,2,2,67.19356415,0.489026449,7.473516181,0.448508723,84,1,0,0,1,0,0,32,0,5
976,com.easytarget.micopi,3.6.11,March 19 2016,201198,1858,15804,12.73082764,13422,114166.4629,0,1,0.0,0.505920344,7.375925418,0.454251884,86,1,0,0,1,0,0,27,0,5
1010,com.android.keepass,2.0.3,July 25 2015,52798,487,2916,18.10631001,2473,14807.53183,0,1,100.0,0.574948665,31.49606299,2.381930185,50,0,0,0,0,0,0,24,14,1
1011,com.android.keepass,2.0.4beta1,December 15 2015,52916,491,2928,18.07240437,2478,14777.15682,0,1,100.0,0.578411405,31.41737427,2.370672098,52,0,0,0,0,0,0,24,14,1
1012,com.android.keepass,2.0.4,December 27 2015,53019,491,2936,18.05824251,2484,14853.40937,0,1,100.0,0.578411405,31.37638617,2.401221996,52,0,0,0,0,0,0,24,14,1
1013,com.dougkeen.bart,2.2,July 13 2013,230422,1681,15556,14.81241965,15666,144973.4063,1,2,44.23297952,0.49256395,13.85455591,1.082688876,66,1,0,0,4,2,0,118,15,0
1014,com.dougkeen.bart,2.2.6,October 31 2015,441957,3136,29449,15.00753846,28808,270525.125,1,2,40.227977,0.435905612,24.72931168,4.401466837,83,2,0,0,1,0,0,136,8,3
1022,ru.gelin.android.browser.open,0.0.7,May 04 2015,2185,27,126,17.34126984,105,490.0,6,2,58.31024531,0.037037037,16.92307692,0.666666667,7,0,0,0,0,0,0,6,0,0
1043,de.mangelow.network,1.03,May 06 2015,117,1,2,58.5,1,2.0,0,1,0.0,0.0,0.0,0.0,1,0,0,0,0,0,0,0,0,0
1045,org.scummvm.scummvm,1.5.0,October 29 2013,2457,19,110,22.33636364,79,457.3684211,1,2,39.80698707,0.0,18.6440678,1.210526316,4,0,0,0,0,0,0,7,0,0
1046,ch.blinkenlights.battery,1.81,August 23 2012,1323,15,73,18.12328767,33,160.6,0,1,29.84168609,0.0,3.225806452,0.133333333,7,0,0,0,0,0,0,4,0,0
1055,org.libreoffice.impressremote,2.1.1,June 10 2014,79247,780,6718,11.79621911,5255,45260.37179,0,1,58.81158301,0.435897436,8.077669903,0.376923077,58,1,0,0,1,0,0,19,0,3
1061,com.mattgmg.miracastwidget,1.8,October 30 2015,45319,506,3900,11.62025641,2908,22413.43874,0,1,73.80952381,0.411067194,6.693227092,0.266798419,10,1,0,0,0,0,0,10,0,1
1063,com.manor.currentwidget,0.39,July 16 2013,45773,420,3351,13.65950463,2632,20999.6,1,2,46.72453704,0.442857143,8.489722967,0.714285714,21,0,0,0,0,0,0,43,0,3
1064,com.manor.currentwidget,0.4a,March 12 2015,85613,935,7071,12.10762268,4787,36202.00749,1,2,53.77840909,0.414973262,7.892595606,0.479144385,26,1,0,0,0,0,0,60,0,6
1066,org.helllabs.android.xmp,3.6.0,May 02 2013,13254,117,695,19.0705036,525,3118.589744,3,3,35.60856823,0.034188034,9.163346614,0.837606838,23,0,0,0,0,0,0,55,0,0
1067,org.helllabs.android.xmp,3.10.0,August 11 2014,58569,528,3854,15.19693825,4285,31277.25379,1,2,28.25295691,0.471590909,8.391284191,0.903409091,34,0,0,0,0,0,0,42,0,1
1075,org.kde.kdeconnect_tp,1.3.2,July 17 2016,684000,5242,34823,19.64219051,31332,208140.831,0,1,89.09090909,0.528424266,19.16085738,1.718809615,76,0,0,0,1,0,0,44,8,2
1076,org.kde.kdeconnect_tp,1.4,August 27 2016,684042,5243,34826,19.64170447,31334,208132.3448,0,1,89.09090909,0.528514209,19.15836102,1.718481785,76,0,0,0,1,0,0,44,8,2
1079,com.banasiak.coinflip,5.5.2,April 29 2014,3028,25,139,21.78417266,70,389.2,1,2,45.80562678,0.0,6.818181818,0.4,4,0,0,0,0,0,0,0,0,0
1082,org.smssecure.smssecure,0.13.2,February 08 2016,792165,5971,44374,17.85200793,39207,291370.1923,3,6,46.669602,0.428403952,18.4265661,2.219393736,193,5,0,0,1,0,0,118,243,7
1086,org.smssecure.smssecure,0.14.3,May 14 2016,780183,5882,43874,17.78235401,38613,288015.4305,3,6,46.67452528,0.426385583,18.51382732,2.244814689,192,5,0,0,1,0,0,118,246,7
1088,net.androgames.level,1.9.7,September 17 2014,3283,18,85,38.62352941,112,528.8888889,0,1,49.49078361,0.0,8.415841584,1.222222222,5,0,0,0,0,0,0,0,0,0
1099,org.scoutant.cc,0.9,January 25 2013,8822,67,391,22.56265985,348,2030.865672,2,3,47.51624026,0.089552239,34.35897436,3.47761194,10,0,0,0,0,0,0,0,0,5
1108,org.cyanogenmod.great.freedom,1.8,June 23 2014,45049,502,3887,11.58965783,2899,22447.03785,0,1,0.0,0.414342629,6.586345382,0.268924303,8,1,0,0,0,0,0,10,0,1
1125,org.tomdroid,0.7.5,January 16 2014,26314,219,1252,21.01757189,1110,6345.753425,1,3,36.83331088,0.123287671,16.9250646,1.319634703,65,0,0,0,6,0,1,25,10,0
1128,com.boardgamegeek,4.8.4,January 22 2015,237560,2344,17368,13.67802856,13343,98865.7099,2,5,55.05190747,0.408703072,10.96774194,0.682593857,105,1,0,0,1,4,1,60,31,19
1134,org.xbmc.kore,1.5.0,July 31 2015,305533,2405,16998,17.97464408,18544,131064.8283,4,7,40.19077079,0.375883576,27.68066788,3.252806653,174,0,0,0,1,0,0,35,39,7
1135,org.xbmc.kore,v2.0.0,December 21 2015,287813,2350,15973,18.01871909,16869,114658.9519,4,7,38.07501025,0.361702128,28.68808568,3.332340426,172,0,0,0,1,0,0,35,39,7
1136,org.xbmc.kore,v2.1.0,September 21 2016,308488,2560,17428,17.7007115,18202,123915.8031,4,7,37.89277721,0.35859375,27.65717154,3.09296875,186,0,0,0,1,0,0,36,40,7
1140,jp.takke.cpustats,1.2.2,November 24 2014,7538,21,103,73.18446602,95,465.952381,1,2,21.13769272,0.238095238,4.87804878,0.333333333,2,0,0,0,0,0,0,3,0,0
1141,jp.takke.cpustats,1.3.0,April 22 2015,7809,23,118,66.1779661,108,554.0869565,1,2,23.86715797,0.217391304,4.444444444,0.173913043,3,0,0,0,0,0,0,3,0,0
1145,com.dynamicg.homebuttonlauncher,4.1,December 25 2014,7885,118,536,14.7108209,372,1689.762712,2,2,30.40970145,0.203389831,16.99604743,1.093220339,16,0,0,0,1,0,0,14,0,0
1167,com.pilot51.voicenotify,1.0.11.2,February 10 2014,4080,54,229,17.81659389,183,776.0555556,0,1,33.32243488,0.0,1.398601399,0.0,15,0,0,0,0,0,0,1,13,0
1168,com.pilot51.voicenotify,1.0.12,May 05 2014,4116,54,230,17.89565217,188,800.7407407,0,1,33.26773876,0.0,1.398601399,0.0,15,0,0,0,0,0,0,1,13,0
1175,org.petero.droidfish,1.57,February 17 2015,128963,1011,6885,18.73100944,7856,53500.05935,5,3,35.57388401,0.301681503,10.00935454,0.903066271,86,2,0,0,1,0,0,72,0,1
1176,org.petero.droidfish,1.61,June 18 2016,82245,526,3019,27.24246439,4916,28215.59696,5,3,35.10245789,0.19391635,15.88198368,1.420152091,76,0,0,0,1,0,0,58,0,0
1177,org.petero.droidfish,1.62,August 31 2016,82124,526,3019,27.2023849,4916,28215.59696,5,3,35.10245789,0.19391635,15.88198368,1.420152091,76,0,0,0,1,0,0,58,0,0
1180,com.andybotting.tramhunter,1.3,August 13 2013,73372,569,5339,13.74264844,4870,45695.8348,1,2,42.40666518,0.421792619,10.00844595,0.83655536,63,0,1,0,1,0,3,3,52,0
1181,com.lgallardo.qbittorrentclientpro,3.9.0,April 14 2015,99205,1131,8159,12.15896556,5561,40116.88683,0,1,0.0,0.443854996,10.78431373,0.609195402,47,1,0,0,0,10,5,21,0,3
1188,me.tsukanov.counter,13,October 26 2015,76096,738,6207,12.25970678,5184,43600.39024,0,1,50.85783348,0.475609756,7.466880771,0.382113821,65,1,0,0,1,0,0,19,0,1
1200,org.fedorahosted.freeotp,1.5,November 29 2014,100362,552,3347,29.9856588,5448,33033.43478,2,2,38.04383031,0.601449275,15.14124294,0.922101449,10,0,0,0,0,0,0,7,0,12
1201,org.fedorahosted.freeotp,1.5,January 26 2016,101247,556,3408,29.70862676,5551,34024.83453,2,2,38.04383031,0.604316547,15.32481954,0.947841727,10,0,0,0,0,0,0,7,0,6
1203,org.openintents.filemanager,2.0.3-rc1,August 13 2013,38830,452,3130,12.4057508,2230,15442.25664,1,3,40.12386191,0.261061947,9.906063194,0.435840708,69,0,0,0,0,0,0,44,11,3
1209,com.dngames.mobilewebcam,2.98,April 13 2013,30796,212,1238,24.87560582,1400,8175.471698,1,2,34.42435163,0.202830189,29.12844037,2.966981132,40,2,1,1,0,0,1,26,0,5
1220,org.openintents.notepad,1.3,January 06 2015,10380,97,462,22.46753247,464,2209.979381,1,2,50.45001729,0.092783505,14.28571429,1.051546392,29,0,0,0,0,0,0,8,14,0
1224,com.google.android.marvin.talkback,3.1.1_r68,May 09 2013,45016,499,3372,13.34994069,2836,19164.31263,3,2,41.97513383,0.306613226,8.063450099,0.436873747,17,0,0,0,0,0,0,5,0,0
1230,com.google.android.gms,1.6.7,July 19 2016,152745,1619,12871,11.86737627,9535,75802.95553,0,1,0.0,0.472513897,7.519280206,0.456454602,71,1,1,0,1,0,0,24,0,3
1233,com.eolwral.osmonitor,3.4.1.0,March 17 2015,137853,1348,10853,12.70183359,8057,64868.4132,1,2,47.30131523,0.422848665,7.496283712,0.432492582,100,1,0,0,1,2,0,39,4,6
1234,com.eolwral.osmonitor,3.5.0.6,January 11 2016,166322,1686,13452,12.36410943,9624,76786.50534,1,2,47.30319731,0.420521945,8.260105448,0.476275208,107,1,0,0,1,2,0,39,4,6
1238,de.saschahlusiak.freebloks,0.5.3,June 30 2016,30348,215,1269,23.91489362,1407,8304.572093,4,3,33.32004399,0.158139535,13.10160428,2.641860465,25,0,0,0,0,0,0,6,13,5
1243,com.commit451.gitlab,2.2.5,March 20 2016,582507,5447,39725,14.66348647,30783,224500.5829,1,5,38.42365941,0.531118047,11.01485149,1.271892785,145,1,0,0,1,0,0,53,0,9
1255,com.reicast.emulator,0.r5+,December 29 2013,27623,298,2346,11.7745098,1745,13737.48322,0,1,34.45015256,0.372483221,7.181571816,0.369127517,23,0,0,0,0,0,0,4,0,0
1258,com.sam.hex,2.4.1,June 03 2013,75671,603,5182,14.60266306,4892,42040.37148,2,2,36.63049782,0.417910448,10.73049938,0.887230514,57,0,0,0,14,0,0,22,0,0
1289,com.mendhak.gpslogger,27-fdroid,March 05 2013,149783,864,7149,20.95160162,8681,71829.24653,0,1,38.10549336,0.525462963,20.15061023,4.952546296,19,0,1,0,0,9,1,49,0,0
1292,com.oakley.fon,1.5.1,November 23 2015,3855,35,177,21.77966102,212,1072.114286,1,3,60.46455939,0.0,50.47619048,2.4,3,0,0,0,0,0,2,0,0,0
1293,com.javiersantos.mlmanager,1.0.4,September 03 2015,418801,3271,28071,14.91934737,23596,202495.6637,0,1,30.76306218,0.553959034,17.7566309,2.315805564,94,1,0,0,1,0,0,135,0,9
1297,app.openconnect,1.02,September 06 2014,33391,275,1650,20.2369697,1517,9102.0,4,2,45.08962017,0.287272727,22.6762002,1.130909091,34,1,0,0,0,3,0,56,0,0
1298,app.openconnect,1.11,July 01 2015,33581,276,1661,20.21733895,1521,9153.554348,4,2,45.08850816,0.286231884,23.04568528,1.123188406,34,1,0,0,0,3,0,56,0,0
1300,com.powerpoint45.lucidbrowser,3.7,July 13 2014,82959,771,6381,13.00094029,5533,45792.57198,2,3,52.29323621,0.4461738,7.771822358,0.503242542,79,1,0,0,1,0,0,38,0,3
1304,com.emmaguy.cleanstatusbar,1.1.4,October 14 2015,165430,1701,13633,12.13452652,10323,82735.71958,1,3,48.44708483,0.47148736,8.11116497,0.465608466,77,1,0,0,1,0,0,24,0,3
1307,net.wigle.wigleandroid,2.4,August 20 2014,129121,1077,8840,14.60644796,7121,58449.06221,3,2,46.11200308,0.455896007,12.72246272,1.393686165,73,3,4,4,1,0,0,61,71,6
1308,net.wigle.wigleandroid,2.10,March 20 2016,158946,1529,12331,12.88995215,9267,74736.02158,4,2,44.80349221,0.416612165,7.684079159,0.455199477,89,3,1,2,1,0,0,60,57,4
1311,biz.gyrus.yaab,1.10.1,June 29 2014,29188,306,2276,12.82425308,1705,12681.63399,4,2,25.93434683,0.303921569,6.704545455,0.369281046,12,0,0,0,0,0,0,0,0,0
1314,apps.droidnotify,3.29.2,April 08 2013,47600,295,1262,37.71790808,2139,9150.569492,21,2,20.09094107,0.06779661,1.877934272,0.030508475,109,2,0,0,0,0,0,29,11,12
1321,com.danvelazco.fbwrapper,1.7.3,December 04 2014,74578,907,6693,11.14268639,4370,32247.42007,1,2,64.31007617,0.406835722,7.351712615,0.409040794,24,1,0,0,0,0,0,29,0,16
1322,com.danvelazco.fbwrapper,1.7.5,February 06 2015,74628,907,6700,11.13850746,4378,32340.24256,1,2,64.38335435,0.406835722,7.368859284,0.409040794,25,1,0,0,0,0,0,29,0,16
1331,net.nurik.roman.dashclock,1.6,January 27 2014,42228,385,2298,18.37597911,2685,16026.31169,0,1,82.75862069,0.516883117,8.8,0.363636364,16,2,1,0,0,0,0,4,0,4
1336,org.scoutant.blokish,3.0,November 15 2015,7269,49,240,30.2875,381,1866.122449,0,1,40.93836735,0.06122449,41.12149533,7.87755102,12,0,0,0,0,0,0,0,0,0
1337,org.wahtod.wififixer,1.0.3.5,September 03 2014,81981,773,5917,13.85516309,5879,45001.34929,1,3,40.49730934,0.501940492,9.626955475,1.196636481,44,1,0,0,1,0,0,18,7,2
1338,org.wahtod.wififixer,1.0.4,July 09 2015,91353,886,6605,13.83088569,6561,48911.29233,1,3,39.21163441,0.502257336,9.772565743,1.10496614,43,1,0,0,1,0,0,20,6,2
1339,org.wahtod.wififixer,1.0.5,June 04 2016,124906,1157,7373,16.94100095,9829,62635.45117,1,3,39.18700191,0.777009507,8.793922127,1.382022472,33,1,0,0,1,0,0,16,6,2
1340,org.androidsoft.app.permission,2.1.0,April 20 2015,45084,502,3876,11.63157895,2823,21796.70916,3,2,62.87716128,0.390438247,6.837606838,0.298804781,24,1,0,0,0,0,0,7,0,2
1344,com.ruesga.android.wallpapers.photophase,1.0.12,November 09 2014,28331,254,2075,13.65349398,1395,11396.16142,5,4,53.72083338,0.11023622,10.71823204,0.811023622,5,0,0,0,0,0,0,7,0,4
1351,ro.weednet.contactssync,1.2.2,July 26 2013,74138,810,5672,13.07087447,4335,30355.7037,0,1,44.5208608,0.443209877,8.663366337,0.388888889,42,1,0,0,0,0,0,13,0,4
1352,ro.weednet.contactssync,2.1.1,June 23 2014,41100,374,2166,18.97506925,2762,15995.96791,0,1,31.28225876,0.614973262,8.379888268,0.467914439,35,0,0,0,0,0,0,6,0,1
1357,com.asksven.betterbatterystats,1.13.4.0,June 04 2013,129937,991,8048,16.14525348,6853,55653.82846,3,2,61.56795925,0.503531786,11.60079613,0.962663976,94,1,0,0,1,0,1,29,43,3
1358,com.asksven.betterbatterystats,1.15.0.0_RC8,January 24 2014,141073,1061,8555,16.49012274,7325,59062.55891,3,2,60.29436172,0.511781338,11.90732759,0.947219604,98,1,0,0,1,0,1,42,28,3
1359,com.asksven.betterbatterystats,1.15.0.0,February 24 2014,141412,1075,8639,16.36902419,7332,58921.99814,3,2,60.29436172,0.510697674,11.81434599,0.942325581,98,1,0,0,1,0,1,42,28,3
1361,net.minetest.minetest,0.4.12.12,March 23 2015,1175,10,41,28.65853659,38,155.8,0,1,36.75170068,0.0,10.0,1.2,5,0,0,0,0,0,0,6,0,0
1362,net.minetest.minetest,0.4.13.13,August 22 2015,1179,10,41,28.75609756,38,155.8,0,1,36.75170068,0.0,10.0,1.2,5,0,0,0,0,0,0,6,0,0
1363,net.minetest.minetest,0.4.14.14,May 17 2016,1050,8,40,26.25,32,160.0,0,1,37.16378859,0.0,10.0,1.5,5,0,0,0,0,0,0,6,0,0
1364,com.seb.SLWP,1.4,May 10 2013,10138,52,265,38.25660377,400,2038.461538,1,3,62.56442305,0.038461538,22.19251337,3.519230769,5,0,0,0,0,0,0,17,0,8
1365,com.seb.SLWP,1.5,January 06 2015,10161,53,267,38.05617978,400,2015.09434,1,3,60.72429296,0.037735849,22.13333333,3.452830189,5,0,0,0,0,0,0,17,0,8
1367,naman14.timber,0.122b,October 12 2015,324258,2693,21857,14.8354303,18877,153210.0219,0,1,0.0,0.56925362,19.95657838,1.649461567,97,3,0,0,1,2,0,68,67,7
1369,naman14.timber,0.14b,January 09 2016,278987,2322,16827,16.57972306,16872,122267.5039,0,1,0.0,0.704134367,16.52151136,2.06546081,65,3,0,0,1,2,0,53,63,4
1408,org.torproject.android,15.0.1-RC-3-PIE,July 18 2015,128400,1239,10079,12.73935906,7871,64028.90153,0,1,28.66204213,0.459241324,7.315451119,0.536723164,83,1,0,0,1,0,0,83,0,3
1419,com.lukekorth.screennotifications,0.14.2,March 18 2016,226118,2206,17872,12.65208147,12685,102768.0508,1,2,44.18577508,0.488213962,10.16949153,0.914777879,77,2,0,0,1,0,0,69,15,3
1422,com.plusonelabs.calendar,1.9.1,August 28 2015,61510,290,4755,12.93585699,3398,55715.48276,2,2,75.40731735,0.655172414,12.7100073,1.286206897,2,0,0,0,0,0,0,13,0,0
1424,com.plusonelabs.calendar,1.9.3-35a0ac1,November 05 2015,63396,301,4865,13.03103803,3495,56488.95349,2,2,73.18644888,0.631229236,12.85310734,1.289036545,2,0,0,0,0,0,0,13,0,0
1425,org.isoron.uhabits,1.5.3,May 23 2016,298180,2420,21335,13.97609562,20061,176860.0971,5,2,51.50446226,0.510330579,9.89020719,0.930991736,98,1,0,0,1,0,0,60,70,4
1426,org.isoron.uhabits,1.5.4,May 31 2016,298234,2420,21336,13.9779715,20062,176877.2033,5,2,51.57714695,0.510330579,9.89020719,0.931404959,98,1,0,0,1,0,0,60,70,4
1427,org.isoron.uhabits,1.5.6,June 20 2016,298234,2420,21336,13.9779715,20060,176859.5702,5,2,51.57714695,0.510330579,9.89020719,0.931404959,98,1,0,0,1,0,0,60,70,4
1428,com.ichi2.anki,2.5.4,January 09 2016,375301,2981,23393,16.04330355,20648,162032.4267,2,4,33.39894712,0.454545455,12.17939831,1.458235491,150,2,0,0,1,6,0,179,193,6
1429,com.ichi2.anki,2.6,June 15 2016,373628,2876,22721,16.44417059,20923,165296.065,2,4,32.66463036,0.450625869,10.58254897,0.924200278,150,2,0,0,1,6,0,176,203,6
1430,com.ichi2.anki,2.6.1,July 11 2016,385469,2989,23547,16.37019578,21840,172053.0211,2,4,32.60396825,0.448310472,10.44449842,0.923385748,160,2,0,0,1,6,0,176,203,6
1435,com.nolanlawson.logcat,1.4.4,April 25 2013,10693,123,586,18.24744027,506,2410.699187,2,2,28.83127108,0.081300813,5.438066465,0.292682927,51,0,0,0,0,0,0,18,6,0
1436,com.nolanlawson.logcat,1.6.0,February 11 2015,10729,123,587,18.27768313,507,2419.585366,2,2,28.83207539,0.081300813,5.438066465,0.292682927,51,0,0,0,0,0,0,18,6,0
1437,info.guardianproject.pixelknot,0.3.1,December 15 2013,72732,553,5078,14.3229618,4530,41597.35986,1,2,29.9530249,0.484629295,9.894136808,1.242314647,51,0,0,0,1,0,0,44,0,9
1438,info.guardianproject.pixelknot,0.3.3,July 06 2015,74427,586,5228,14.236228,4611,41137.04437,2,2,30.87503258,0.467576792,10.00794281,1.187713311,61,0,0,0,1,0,0,44,0,9
1441,jp.yhonda,2.8,June 15 2015,3991,29,129,30.9379845,144,640.5517241,0,1,30.94231745,0.0,5.494505495,0.068965517,14,0,0,0,0,0,0,25,0,0
1444,ca.rmen.android.poetassistant,1.9.3,September 19 2016,157413,1309,8176,19.25305773,11782,73590.24599,2,2,41.95691917,0.565317036,10.33703961,1.294881589,69,0,0,0,1,0,0,11,10,0
1464,org.kiwix.kiwixmobile,1.96,November 13 2015,131085,1335,11159,11.74702034,8257,69018.62397,0,1,40.264688,0.438951311,7.565511412,0.453932584,81,1,0,0,1,0,0,46,0,3
1465,org.kiwix.kiwixmobile,1.97,February 15 2016,146016,1453,12292,11.87894566,8943,75655.44116,0,1,40.68298955,0.44735031,8.878224355,0.60770819,81,1,0,0,1,0,0,51,51,3
1468,com.opendoorstudios.ds4droid,46,January 06 2015,8574,54,277,30.95306859,421,2159.574074,0,1,51.15737286,0.018518519,9.705882353,1.185185185,15,0,0,0,0,0,0,17,15,1
1474,net.somethingdreadful.MAL,1.4,June 21 2014,172860,1400,11692,14.78446801,11679,97536.33429,2,2,41.08702963,0.482142857,12.0150975,0.859285714,56,1,0,0,1,2,0,31,58,14
1481,com.grarak.kerneladiutor,0.9.9.2.3,December 07 2015,246486,2252,18262,13.49720732,15126,122660.3073,2,4,38.82871903,0.408969805,8.163265306,0.54928952,125,2,0,0,1,0,0,51,0,12
1482,com.grarak.kerneladiutor,0.9.9.3,January 12 2016,247170,2258,18306,13.50213045,15163,122929.0868,2,4,38.72097786,0.408768822,8.153735632,0.548715678,125,2,0,0,1,0,0,47,0,12
1483,com.grarak.kerneladiutor,0.9.9.4,February 23 2016,247303,2258,18306,13.50939583,15170,122985.837,2,4,38.72211565,0.408768822,8.146907525,0.549158547,125,2,0,0,1,0,0,47,0,12
1487,com.mantz_it.rfanalyzer,1.12,November 30 2014,64325,569,4454,14.44207454,3702,28978.39719,2,2,49.66418235,0.370826011,6.516724337,0.344463972,34,1,0,0,0,0,0,20,0,1
1492,com.ubergeek42.WeechatAndroid,0.10,April 18 2015,105037,832,6300,16.67253968,7427,56238.10096,1,2,29.5836778,0.641826923,12.83851555,1.859375,46,0,0,0,1,0,0,20,0,0
1496,org.smc.inputmethod.indic,2.0.2,June 11 2015,156529,1486,11123,14.07255237,9224,69043.44011,1,4,52.37228274,0.385598923,11.25158028,1.132570659,37,1,0,0,0,0,0,46,45,3
1497,org.smc.inputmethod.indic,2.0.4,March 26 2016,156521,1486,11123,14.07183314,9223,69035.95491,1,4,52.37228274,0.385598923,11.25158028,1.132570659,37,1,0,0,0,0,0,46,45,3
1506,com.nightshadelabs.anotherbrowser,1.2,April 08 2015,64,1,2,32.0,6,12.0,0,1,0.0,0.0,0.0,0.0,1,0,0,0,0,0,0,0,0,0
1516,org.yaaic,1.0,August 24 2012,81450,660,5967,13.65007541,4977,44996.60455,3,2,46.88232735,0.415151515,7.417397168,0.506060606,58,0,0,0,1,0,0,4,32,0
1517,org.yaaic,1.1,April 13 2015,95673,1013,7855,12.17988542,5038,39065.63672,3,2,46.92839049,0.370187562,6.796116505,0.281342547,37,1,0,0,0,0,0,20,32,3
1526,de.j4velin.wifiAutoOff,1.6.8,December 04 2015,32921,357,2370,13.8907173,2571,17067.98319,0,1,14.31428571,0.526610644,4.206791688,0.495798319,23,0,0,0,1,0,0,8,0,0
1527,de.j4velin.wifiAutoOff,1.6.9,May 21 2016,44701,491,3432,13.0247669,3389,23688.4888,0,1,14.31428571,0.50712831,4.048582996,0.378818737,23,0,0,0,1,0,0,8,0,0
1528,net.sourceforge.subsonic.androidapp,4.1,January 16 2014,66290,721,5038,13.15799921,3754,26231.14008,3,4,30.49500302,0.252427184,5.549568966,0.238557559,38,2,0,0,1,7,1,33,0,4
1530,net.sourceforge.subsonic.androidapp,4.4,August 28 2014,71236,785,5454,13.06123946,4039,28062.04586,3,4,30.66278973,0.270063694,5.434782609,0.226751592,38,2,0,0,1,7,1,40,0,5
1543,com.google.zxing.client.android,4.7.3,February 16 2015,86419,377,2362,36.58721423,4579,28688.58886,4,2,47.96546162,0.50132626,13.58734723,0.901856764,15,0,0,0,0,0,0,8,16,2
1548,com.hobbyone.HashDroid,3.1,July 09 2013,20941,48,294,71.22789116,218,1335.25,12,2,49.50795314,0.0,2.51572327,0.5625,12,0,0,0,0,0,0,7,0,0
1552,dk.nindroid.rss,3.4.23,June 24 2013,83951,737,5200,16.14442308,4224,29802.98507,10,3,56.61798793,0.23202171,8.931357254,0.512890095,73,1,0,0,10,2,0,43,20,19
1558,com.mobilepearls.sokoban,1.11,January 05 2011,14035,19,69,203.4057971,81,294.1578947,0,1,34.31299603,0.0,20.83333333,0.578947368,12,0,0,0,0,0,0,0,0,8
1568,com.menny.android.anysoftkeyboard,20130919,October 06 2013,41521,278,1843,22.52902876,2421,16050.01079,1,2,83.53773585,0.651079137,9.294403893,1.435251799,61,0,0,0,4,0,0,8,17,0
1569,com.menny.android.anysoftkeyboard,1.8.84,July 08 2016,155355,1304,8193,18.96191871,11752,73837.52761,0,1,38.57508913,0.88803681,13.15743491,2.253834356,64,0,0,0,2,0,0,21,17,0
1570,com.menny.android.anysoftkeyboard,1.8.146,September 11 2016,155997,1308,8228,18.95928537,11773,74058.29052,0,1,38.56359649,0.886085627,13.0525583,2.243883792,64,0,0,0,2,0,0,21,17,0
1579,jp.co.kayo.android.localplayer,3.37b,February 11 2013,165997,1079,8800,18.86329545,10060,82046.3392,9,4,43.3055254,0.253012048,12.09225016,1.042632067,110,0,0,0,1,4,3,91,105,17
1599,tv.piratemedia.lightcontroler,1.6.1,February 21 2015,126992,1280,10178,12.47710749,7670,60988.48438,1,2,42.04484436,0.45,7.31322343,0.50859375,75,1,0,0,1,0,0,28,0,3
1605,wb.receiptspro,2.2.1,October 27 2013,387255,1981,17480,22.1541762,21106,186235.679,0,1,89.24050633,0.569914185,22.25888325,5.414941949,138,1,0,0,2,0,0,115,91,29
1606,wb.receiptspro,3.3.3,March 08 2015,511880,2972,25017,20.46128633,28236,237678.3351,0,1,57.04491726,0.560228802,22.54461335,4.554172275,216,2,0,0,2,0,0,177,138,40
1609,com.google.android.diskusage,3.4.2,November 13 2013,18078,160,832,21.72836538,763,3967.6,1,3,34.57482874,0.03125,12.5,2.4625,35,0,0,0,0,0,0,20,0,0
1616,at.tomtasche.reader,2.0.7,March 12 2013,118758,1094,9332,12.72588941,6816,58141.60146,0,1,34.03449415,0.490859232,10.57108141,0.648080439,55,0,0,0,1,0,3,40,5,1
1627,org.cprados.wificellmanager,1.3.5,January 07 2014,12166,88,575,21.15826087,860,5619.318182,3,2,54.80434468,0.011363636,22.89473684,2.295454545,7,1,0,0,0,0,0,1,0,0
1628,org.cprados.wificellmanager,1.3.6,June 30 2015,10879,67,465,23.39569892,797,5531.41791,3,2,51.05720905,0.014925373,22.44897959,2.462686567,7,1,0,0,0,0,0,1,0,0
1644,com.simplemobiletools.gallery,1.20,September 08 2016,106901,996,7658,13.95938887,8577,65946.45181,4,2,38.3930776,0.630522088,4.587488667,0.453815261,23,0,0,0,1,0,0,8,5,0
1649,com.unleashyouradventure.swaccess,014 beta,January 29 2014,128403,972,7653,16.77812623,6545,51531.77469,3,3,49.33535383,0.458847737,14.07307172,0.799382716,51,0,0,0,1,0,4,25,10,5
1650,com.unleashyouradventure.swaccess,015 beta,January 18 2015,110415,984,7724,14.29505438,6619,51956.45935,3,3,49.33535383,0.459349593,14.1989882,0.795731707,51,0,0,0,1,0,4,26,10,5
1651,de.onyxbits.textfiction,2.6,September 18 2014,57943,558,4420,13.10927602,3468,27470.53763,2,3,68.52665905,0.38172043,10.87578706,1.451612903,38,1,0,0,0,0,0,34,0,1
1657,org.evilsoft.pathfinder.reference,1.4.0,April 15 2015,128679,1128,9363,13.74335149,7762,64428.72872,19,3,47.38204076,0.398049645,14.06950673,1.046985816,48,1,0,0,1,3,0,84,105,1
1664,com.gh4a,3.8.1,June 15 2015,269028,2321,18305,14.69696804,13618,107400.9005,1,4,47.50013821,0.466178371,9.716065652,0.549763033,123,1,0,0,2,0,0,43,5,8
1666,com.koushikdutta.superuser,1.0.2.8,January 30 2014,37433,438,3033,12.3419057,2147,14867.23973,1,2,22.72605789,0.335616438,7.458292444,0.305936073,55,0,0,0,0,0,1,16,66,0
1667,com.koushikdutta.superuser,1.0.2.9,February 05 2014,37433,438,3033,12.3419057,2147,14867.23973,1,2,22.72605789,0.335616438,7.458292444,0.305936073,55,0,0,0,0,0,1,16,66,0
1668,com.koushikdutta.superuser,1.0.3.0,February 16 2014,37433,438,3033,12.3419057,2147,14867.23973,1,2,22.72605789,0.335616438,7.458292444,0.305936073,55,0,0,0,0,0,1,16,66,0
1669,ca.mimic.apphangar,2.4,August 15 2014,37721,310,1993,18.9267436,2427,15603.26129,1,2,38.9827678,0.448387097,5.868544601,0.416129032,21,0,0,0,0,0,0,5,23,1
1670,ca.mimic.apphangar,2.5.1,September 17 2014,37818,314,2002,18.89010989,2431,15499.56051,1,2,41.43296734,0.442675159,5.82072177,0.398089172,22,0,0,0,0,0,0,5,23,1
1671,ca.mimic.apphangar,2.6,February 17 2015,41216,349,2168,19.01107011,2718,16884.30946,1,2,41.5470689,0.452722063,6.827731092,0.386819484,24,0,0,0,0,0,0,5,23,1
1683,simple.reboot.com,4p11,January 28 2015,59225,557,3996,14.82107107,4822,34593.73788,0,1,15.97222222,0.596050269,4.925496689,0.412926391,18,0,0,0,0,0,0,8,0,0
1710,org.montrealtransit.android,1.7.7.4,December 09 2013,78957,655,5013,15.75044883,3948,30215.76183,2,9,46.06883099,0.198473282,8.796844181,0.392366412,63,0,12,0,1,0,0,3,78,1
1739,com.zegoggles.smssync,1.5.8,January 17 2015,147483,856,6523,22.60968879,7500,57152.45327,2,2,40.98549655,0.478971963,23.76353526,4.103971963,22,7,0,0,2,0,1,81,4,0
1740,com.zegoggles.smssync,1.5.9,August 02 2015,146535,845,6498,22.55078486,7435,57174.71006,2,2,43.37750756,0.475739645,23.50845948,4.125443787,22,7,0,0,3,0,1,71,0,0
1741,com.zegoggles.smssync,1.5.10,August 22 2015,146575,845,6500,22.55,7435,57192.30769,2,2,43.37750756,0.475739645,23.50845948,4.125443787,22,7,0,0,3,0,1,71,0,0
1743,net.cyclestreets,2.0.1,August 12 2013,150172,1186,8807,17.05143636,7335,54468.25042,2,3,45.55245126,0.432546374,18.27399198,3.169477234,51,1,3,2,1,2,2,53,17,9
1761,com.numix.icons_circle,1.1,August 20 2014,97469,958,7955,12.25254557,6175,51275.70459,1,2,44.42757427,0.43006263,7.116898849,0.371607516,45,1,0,0,1,0,0,33,0,3
1762,com.numix.icons_circle,2.0.1,October 16 2014,96321,942,7896,12.19870821,6172,51734.72611,0,1,44.74818336,0.437367304,7.068223725,0.378980892,39,1,0,0,1,0,0,33,0,2
1763,com.numix.icons_circle,2.0.3,January 16 2015,96342,942,7896,12.20136778,6172,51734.72611,0,1,44.74818336,0.437367304,7.068223725,0.378980892,39,1,0,0,1,0,0,33,0,2
1768,com.google.android.stardroid,1.6.5,November 04 2013,36245,352,2555,14.18590998,915,6641.548295,1,4,49.47086504,0.056818182,17.85407725,1.747159091,28,1,1,0,0,0,0,0,0,2
1774,com.umang.dashnotifier,0.48,November 28 2013,52397,545,4078,12.84870034,3066,22941.55596,11,2,55.39299488,0.383486239,6.457800512,0.271559633,19,3,0,0,0,0,0,14,9,1
1775,com.better.alarm,2.7.07,August 05 2014,235990,2394,18297,12.8977428,9529,72828.78571,1,2,44.61001826,0.586466165,9.152872444,0.35839599,34,4,0,0,0,3,0,34,9,1
1777,com.better.alarm,2.9.01,March 30 2015,256929,2714,20613,12.46441566,10495,79710.18239,1,2,44.14088899,0.560427413,8.677337826,0.343036109,33,4,0,0,0,3,0,41,9,3
1782,com.dozuki.ifixit,2.4.1,March 07 2014,171493,1499,10315,16.6255938,10346,71193.45564,32,4,39.57133915,0.385590394,16.93804187,1.21347565,150,0,0,0,1,0,0,35,0,12
1785,com.termux,0.42,September 17 2016,553,6,15,36.86666667,27,67.5,0,1,25.0,0.0,0.0,0.0,5,0,0,0,0,0,0,4,0,0
1786,com.u17od.upm,1.14,December 09 2013,19905,182,958,20.7776618,725,3816.208791,1,2,47.10113841,0.208791209,21.16504854,1.241758242,50,0,0,0,0,5,0,36,0,0
1796,de.ph1b.audiobook,2.7.2.1,April 01 2016,217555,2135,13407,16.22697099,13360,83895.79391,1,3,48.52423578,0.456674473,12.07019546,0.784074941,72,1,0,0,1,0,0,54,73,8
1797,de.ph1b.audiobook,2.7.2.3,August 05 2016,233187,2305,14310,16.29538784,14261,88535.75271,1,3,48.04984557,0.460303688,11.71967797,0.769631236,85,3,0,0,1,0,0,55,73,8
1806,com.elsdoerfer.android.autostarts,1.9.7,January 15 2015,59996,592,4438,13.51870212,3438,25773.38514,2,2,50.39922474,0.413851351,10.32894737,0.464527027,14,1,0,0,0,0,0,34,2,1
1815,me.phh.superuser,1.0.3.3,January 21 2016,36230,415,2901,12.48879697,2118,14805.58554,0,1,0.0,0.501204819,7.48502994,0.322891566,44,0,0,0,0,0,0,14,66,0
1819,com.daviancorp.android.mh4udatabase,1.08,July 07 2015,188297,1672,13388,14.0646101,10209,81745.27033,0,1,90.74074074,0.549641148,8.284556506,0.561004785,104,1,0,0,1,0,0,28,37,32
1826,com.amaze.filemanager,2.0,May 26 2015,416610,2948,24110,17.27955205,24586,201074.7829,3,2,32.47713699,0.508819539,15.41536739,2.234735414,136,1,0,0,1,0,0,363,25,5
1827,com.amaze.filemanager,2.0.5,June 11 2015,417904,2947,24119,17.32675484,24752,202576.6841,3,2,32.36279725,0.508992195,15.45345585,2.256871395,137,1,0,0,1,0,0,374,25,5
1828,com.amaze.filemanager,3.0.1,August 02 2015,416106,2903,23701,17.55647441,24711,201748.3331,1,2,33.66258026,0.507406132,15.19980971,2.299689976,131,1,0,0,1,0,0,358,26,6
1834,com.Bisha.TI89EmuDonation,1.1.3c,October 17 2013,31003,287,1462,21.20588235,1425,7259.059233,0,1,0.0,0.62369338,32.33890215,2.473867596,49,0,0,0,0,0,0,48,0,2
1835,com.Fashion.Designer.Girls.Games,2.0,December 16 2016,1704,16,96,17.76041667,47,240.6666667,0,1,37.17399366,0.0,10.47619046,0.633443333,5,0,0,0,0,0,0,0,0,0
1836,com.Write.Pictures.App,3.0,October 31 2016,190363,2013,14442,12.24041924,11229,66742.61073,0,1,41.77622214,0.470442126,9.374,0.664043641,74,2,0,0,1,0,0,63,14,3
1837,com.adobe.psmobile,Varies with device,December 23 2016,417904,2947,24119,17.32674464,24742,202476.6641,3,2,32.36279724,0.406992194,14.44344464,2.246671394,137,1,0,0,1,0,0,374,24,4
1838,com.adobe.psmobile,4.1 and up,February 01 2017,416106,2903,23701,17.44647441,24711,201746.3331,1,2,33.66246026,0.407406132,14.19960971,2.299669976,131,1,0,0,1,0,0,346,26,6
1848,com.aoemoji.keyboard.plugin.emojistyle.osemoji,1.0.1,December 06 2016,131364,1463,10766,12.20174624,7306,53763.77033,0,1,90.0,0.44429255,12.58563816,0.892002734,11,1,0,0,2,0,0,57,64,3
1849,com.attidomobile.passwallet,1.40.31,July 13 2016,804352,5462,38096,21.11381772,32410,226051.1461,5,3,42.19655059,0.594104724,17.42642816,1.499633834,87,2,3,2,0,11,1,148,25,21
1850,com.avuscapital.trading212,4.0 and up,January 09 2017,97204,774,6290,14.44369407,7430,61114.44161,0,1,42.76764714,0.494193446,7.640464437,0.462460644,61,0,0,1,1,0,0,6,0,0
1852,com.babbel.mobile.android.en,5.6.5.122011,December 22 2016,426244,3692,29106,16.06024637,24602,191462.4366,6,3,34.17603242,0.494090442,16.2476793,2.076624244,134,1,0,0,1,0,0,66,14,9
1853,com.babbel.mobile.android.en,5.6.6.020617,February 09 2017,160141,1426,9394,17.04434327,11771,77442.94666,1,3,31.04932326,0.662464966,11.17673764,0.46232493,32,0,0,0,1,0,0,49,12,4
1854,com.benkregal.chestsimulator,1.0,December 22 2016,754390,5923,43356,17.39989851,37624,275405.3932,0,1,0.0,0.553942259,22.80401906,3.345601891,122,2,0,0,1,2,0,164,90,29
1855,com.best.photo.app.braces,2.3 and up,December 14 2016,692484,6465,41497,16.68756778,24478,157117.3343,0,1,90.90909091,0.509048724,18.60505667,1.245630317,67,3,1,0,0,4,0,151,96,35
1856,com.best.photo.app.braces,2.3 and up,February 09 2017,692968,6466,41685,16.62391748,24486,157856.3115,0,1,90.90909091,0.508969997,18.60938318,1.245437674,67,3,1,0,0,4,0,151,96,35
1857,com.bloomberg.android.plus,4.0.1.509592.5e8163f,December 20 2016,230422,1661,14446,14.61241964,14666,144973.4063,1,2,44.23297942,0.49246394,13.64444491,1.062666676,66,1,0,0,4,2,0,116,14,0
1858,com.bloomberg.android.plus,4.0.3.565446.5aa6079,February 03 2017,441947,3136,29449,14.00743646,26606,270424.124,1,2,40.227977,0.434904612,24.72931166,4.401466637,63,2,0,0,1,0,0,136,6,3
1859,com.bottleworks.dailymoney,0.9.8-121107-freshly,November 10 2012,42952,292,1987,21.6165073,1823,12405.14041,2,3,39.53212437,0.328767123,9.163636364,1.945205479,31,0,0,0,0,0,0,31,74,3
1861,com.cepmuvakkit.times,3.7,March 19 2013,19499,91,441,44.2154195,353,1710.692308,0,1,49.16438425,0.087912088,10.39325843,0.56043956,18,1,0,0,0,0,0,0,0,1
1862,com.creaturecorp.kidscashregistergrocery,1.4.2,November 22 2016,797245,7396,45539,17.50686225,35261,217110.6921,0,1,75.0,0.706733369,20.42688465,1.478231476,141,2,2,0,1,14,0,275,93,41
1863,com.evancharlton.mileage,3.1.1,February 04 2013,52643,409,2577,20.42801707,2086,13143.33007,2,5,59.72419114,0.381418093,33.47193347,2.677261614,31,0,0,0,0,0,0,20,34,0
1864,com.expedia.bookings,Varies with device,January 17 2017,902324,8308,52177,17.29352013,39963,250980.9161,2,6,45.4594445,0.333413577,15.52090716,0.910086663,384,2,0,0,2,0,0,74,48,26
1865,com.expedia.bookings,Varies with device,February 20 2017,902324,8308,52177,17.29352013,39963,250980.9161,2,6,45.4594445,0.333413577,15.52090716,0.910086663,384,2,0,0,2,0,0,74,48,26
1867,com.flightradar24free,6.6.0,December 06 2016,60376,622,4671,14.17341437,6292,43406.6764,1,2,21.66763026,0.472992701,4.017921147,0.366461314,30,0,0,0,1,0,0,6,0,1
1868,com.frinixapps.refrainplayblackspiderman,1.0,November 08 2016,515035,4547,30383,16.9514202,22163,148092.9028,0,1,45.21793437,0.519903233,18.18738518,1.725093468,106,1,0,0,1,4,0,70,7,9
1869,com.fusionprojects.edmodo,6.2.4,January 13 2017,844304,7729,52354,16.1268289,37078,251155.5974,0,1,89.18238994,0.58688058,14.45251687,1.198473282,159,2,1,0,1,8,0,164,120,20
1870,com.fusionprojects.edmodo,6.5.0,February 16 2017,848821,7888,52776,16.08346597,37362,249976.789,0,1,89.18238994,0.585319473,14.59477268,1.198275862,160,2,1,0,1,10,0,164,120,25
1871,com.gernersis.chestsimulatorforcr,1.0,January 04 2017,754621,5929,43373,17.39840454,37628,275263.8293,0,1,0.0,0.554056333,22.78913325,3.34255355,122,2,0,0,1,2,0,164,90,29
1872,com.github.devnied.emvnfccard,4.2.4,December 30 2016,166416,1666,13461,12.36297442,9634,76626.46412,1,2,46.93466662,0.420023697,6.274771609,0.4747109,107,1,0,0,1,2,0,39,4,7
1873,com.googamaphone.typeandspeak,1.4.8,December 02 2012,27785,200,1173,23.68712702,1831,10738.815,4,2,24.22666839,0.285,47.82608696,9.165,17,0,0,0,0,0,0,10,0,0
1874,com.google.android.play.games,Varies with device,November 18 2016,681440,6095,31985,21.30498671,33898,177888.0279,0,2,0.0,0.553540361,36.07133886,3.673010664,150,0,0,0,2,0,0,38,133,11
1875,com.google.android.street,Varies with device,December 06 2016,29719,179,1545,19.23559871,1454,12549.88827,2,2,52.22141657,0.318435754,20.62893082,2.642458101,9,0,0,0,0,4,0,9,0,1
1876,com.google.android.street,Varies with device,January 24 2017,29719,179,1545,19.23559871,1454,12549.88827,2,2,52.22141657,0.318435754,20.62893082,2.642458101,9,0,0,0,0,4,0,9,0,1
1877,com.google.samples.apps.cardboarddemo,1.8,March 14 2016,317377,3816,27704,11.45599913,20134,146171.9958,0,1,0.0,0.704140461,10.81456434,1.306079665,126,1,1,0,2,2,0,87,26,18
1879,com.googlecode.eyesfree.espeak,1.46.02_r8,December 14 2012,2743,31,159,17.25157233,113,579.5806452,1,2,47.16009852,0.0,16.09195402,0.516129032,5,0,0,0,0,0,0,5,0,0
1880,com.gpsall.n3,livemaps,December 26 2016,680935,5575,35777,19.03275848,32470,208372.9489,0,1,0.0,0.756053812,10.77627952,1.258295964,316,2,3,0,11,6,0,361,63,59
1881,com.herzick.houseparty,0.9.25,January 16 2017,61961,773,4917,13.64416309,4679,44001.34929,1,3,40.49730934,0.401940492,9.626944474,1.196636461,44,1,0,0,1,0,0,13,5,2
1882,com.herzick.houseparty,0.9.28,February 16 2017,91343,666,6604,13.63066469,6461,46911.29233,1,3,39.21163441,0.402247336,9.772464743,1.10496614,43,1,0,0,2,0,0,18,6,2
1883,com.hp.android.print,4.0.1,November 09 2016,201196,1646,14604,12.73062764,13422,114166.4629,0,1,0.0,0.404920344,7.374924416,0.444241664,66,1,0,0,1,0,0,27,0,4
1884,com.ikea.kompis,1.2.1,November 07 2016,924557,7594,54256,17.04064067,47030,336009.9658,2,8,38.51120523,0.551883066,14.10868577,1.409270477,219,2,0,0,1,6,0,157,75,28
1887,com.iqoption,3.0.0,January 12 2017,61961,773,4917,13.64416309,4679,44001.34929,1,3,40.49730934,0.401940492,9.626944474,1.196636461,44,1,0,0,1,0,0,16,7,2
1888,com.iqoption,3.0.1,February 17 2017,91343,666,6604,13.63066469,6461,46911.29233,1,3,39.21163441,0.402247336,9.772464743,1.10496614,43,1,0,0,1,0,0,20,6,2
1889,com.kauf.wrapmyfacefunphotoeditor,1.7,April 24 2015,672644,5493,35252,19.08101668,27518,176600.134,0,1,0.0,0.647733479,19.69813554,1.392863645,149,3,2,0,2,17,7,182,116,26
1890,com.km.cutpaste.util,4.2,March 24 2016,361052,2737,17248,20.93297774,10173,64108.11253,0,1,49.59016669,0.481549141,21.15188583,1.464742419,228,0,0,0,0,2,2,172,41,60
1891,com.leafdigital.kanji.android,1.0,April 16 2011,6071,49,245,24.77959184,315,1575.0,3,2,30.98079004,0.448979592,14.21052632,1.408163265,6,0,0,0,2,0,0,7,0,0
1892,com.lightbox.android.camera,1.0.1,June 13 2013,26282,194,1269,20.7107959,1409,9216.603093,1,4,51.59577675,0.118556701,16.14639397,1.932989691,11,1,2,0,0,2,2,17,0,9
1893,com.magicpen.snapphoto,3.0,September 11 2016,482585,3885,27324,17.66157956,21608,151973.4857,0,1,38.47921097,0.534620335,16.18659987,1.44993565,101,2,0,0,1,2,0,75,55,11
1894,com.moneybookers.skrillpayments,2.0.8,October 25 2016,540719,4586,28700,18.84038328,24377,152555.5822,5,3,52.35746559,0.518970781,15.33769902,1.284343655,279,5,3,0,1,6,1,74,93,11
1895,com.moneybookers.skrillpayments,2.0.9,January 25 2017,540719,4586,28700,18.84038328,24377,152555.5822,5,3,52.35746559,0.518970781,15.33769902,1.284343655,279,5,3,0,1,6,1,74,93,11
1899,com.nolanlawson.jnameconverter,1.0,March 02 2010,17545,60,397,44.19395466,516,3414.2,0,1,61.69754947,0.433333333,38.65814696,3.9,18,0,0,0,0,0,0,6,7,0
1900,com.paypal.android.p2pmobile,Varies with device,January 08 2017,194464,1342,6942,26.01267646,7212,37306.7639,1,3,24.94704646,0.402364401,21.11660934,1.479731744,66,0,0,0,0,0,0,20,41,0
1901,com.paypal.android.p2pmobile,Varies with device,February 13 2017,360364,3433,16649,22.47604793,17400,62961.20477,3,2,30.04062924,0.490601019,21.40132661,1.764636266,73,0,0,0,1,0,1,34,44,2
1902,com.powerje.nyan,1.8.2,April 23 2013,2118,18,84,25.21428571,87,406.0,0,1,54.44473684,0.111111111,4.424778761,0.0,2,0,0,0,0,0,0,0,0,3
1903,com.pridestar.floatimages,1.1,August 27 2016,3370,29,195,17.28205128,159,1069.137931,0,1,0.0,0.344827586,20.33898305,3.620689655,3,0,0,0,0,0,0,0,0,0
1904,com.reader.otg,3.0,December 12 2016,418641,3678,24019,17.42957659,14380,93907.89016,0,1,35.36150695,0.495921697,19.24496467,1.109570419,78,1,0,0,1,2,0,36,48,2
1906,com.rj.pixelesque,1.2.01,February 24 2012,81941,348,4356,18.8110652,4267,53411.06897,4,3,31.94903368,0.413793103,37.66497462,21.1637931,35,0,0,0,0,0,0,29,0,5
1907,com.ryanair.cheapflights,3.27,January 10 2017,14670,79,631,23.24661141,743,6014.466344,1,2,47.47926333,0.34443036,24.64743424,3.367066606,2,0,0,0,0,0,0,20,0,0
1908,com.ryanair.cheapflights,3.28.1,February 09 2017,4137,46,269,17.77406641,233,1202.446429,1,2,46.64418122,0.107142647,17.91044776,0.624,2,0,0,0,0,0,0,12,0,0
1909,com.scorp,2.1.1,January 18 2017,474614,4494,34334,13.46620616,22666,174464.6604,0,1,90.76014164,0.640646933,9.040737769,0.41660714,92,1,0,0,1,2,0,70,0,6
1911,com.secretdiaryappfree,1.19.19,December 19 2016,61440,660,4967,13.64007441,4977,44996.60444,3,2,46.66232734,0.414141414,7.417597166,0.406060606,46,0,0,0,1,0,0,4,32,0
1912,com.secretdiaryappfree,1.21.21,February 16 2017,94673,1013,7644,12.17966442,4036,39064.63672,3,2,46.92639049,0.370167462,6.786116404,0.261342447,37,1,0,0,0,0,0,20,32,3
1913,com.sigseg.android.worldmap,2.0.2,September 27 2013,2416,16,113,21.38053097,82,579.125,0,1,0.0,0.9375,13.92405063,1.4375,1,0,0,0,0,0,0,1,0,2
1914,com.snapchat.android,9.45.10.0,January 10 2017,769618,6377,47098,16.3407788,45092,333031.6788,0,1,0.0,0.688881919,38.06044873,6.139250431,58,1,1,0,0,0,0,103,39,6
1915,com.snapchat.android,10.2.1.0,February 17 2017,36878,144,1423,25.91567112,2743,27106.17361,0,1,0.0,0.638888889,9.869375907,9.979166667,1,1,0,0,0,0,0,98,0,0
1916,com.soloseal.temperaturealarmclock,1.10,May 24 2015,423725,3694,23154,18.30029369,13108,82160.97239,0,1,18.55780022,0.502977802,21.68843787,1.272062805,60,0,0,0,0,2,0,25,48,2
1918,com.stwalkerster.android.apps.strobelight,1.2,November 05 2013,254,8,21,12.0952381,8,21.0,0,1,42.77777778,0.0,47.05882353,2.375,2,1,0,0,0,0,0,0,0,0
1919,com.tappple.followersplus,Varies with device,June 08 2016,493221,4043,26682,18.48515853,18191,120052.5011,0,1,83.78378378,0.54340836,18.24447766,1.576304724,147,2,2,0,0,2,0,122,51,11
1920,com.tinder,6.7.2,January 10 2017,61961,773,4917,13.64416309,4679,44001.34929,1,3,40.49110934,0.401940492,9.626944474,1.196636461,44,1,0,0,1,0,0,16,7,2
1921,com.tinder,6.8.1,February 20 2017,91343,666,6604,13.63066469,6461,46911.29233,1,3,39.21122441,0.402247346,9.772464743,1.10496614,43,1,0,0,1,0,0,20,6,2
1922,com.tocaboca.tocakitchen,1.1.6-play,October 01 2015,380038,3286,19703,19.28833173,13899,83339.01309,1,2,37.5,0.537127206,19.37054228,1.382531954,68,5,1,0,0,8,0,116,85,14
1923,com.tomtom.gplay.navapp,1.14.1,December 22 2016,1027474,9100,52066,19.7340683,46450,265765.4615,0,1,0.0,0.889120879,27.91439665,2.320659341,73,3,5,2,2,4,0,228,126,24
1924,com.tomtom.gplay.navapp,1.14.1,February 15 2017,1027474,9100,52066,19.7340683,46450,265765.4615,0,1,0.0,0.889120879,27.91439665,2.320659341,73,3,5,2,2,4,0,228,126,24
1925,com.topgemsguide.clashr,1.0,October 20 2016,678209,5554,35626,19.03691124,32298,207174.7476,0,1,0.0,0.755311487,10.79829736,1.261973353,316,2,3,0,11,6,0,361,63,59
1926,com.topgemsguide.clashr,2.0,January 25 2017,678209,5554,35626,19.03691124,32298,207174.7476,0,1,0.0,0.755311487,10.79829736,1.261973353,316,2,3,0,11,6,0,361,63,59
1927,com.topps.slam,6.5.1,December 20 2016,923864,8307,53401,17.30049999,40795,262247.959,0,1,85.0,0.521487902,22.36208236,2.439508848,121,3,2,0,0,2,0,230,224,24
1928,com.topps.slam,6.5.6,February 03 2017,895037,8104,52192,17.14893087,39611,255105.7887,0,1,85.0,0.517398815,23.04624557,2.491732478,102,2,2,0,0,2,0,205,71,23
1929,com.tplink.tether,2.8.3,December 12 2016,42796,467,2916,16.10631001,2473,14607.43163,0,1,100.0,0.474946664,31.49636299,2.361930164,39,0,0,0,0,0,0,24,14,1
1930,com.venticake.retrica,3.10.0,January 12 2017,4243,62,336,12.62797619,246,1367.344639,1,3,46.39614732,0.096774194,23.40424432,1.032246064,2,0,0,0,0,0,0,6,0,0
1931,com.vinternete.livecams,1.5,April 27 2015,272803,1819,13376,20.39496112,9064,66652.04178,0,1,29.62456626,0.509620671,13.57170319,0.611874656,95,1,1,0,1,0,1,33,0,2
1932,com.voidcode.diasporawebclient,1.6.3,April 06 2012,11841,56,323,36.65944272,275,1586.160714,1,2,51.74404762,0.285714286,60.51948052,8.410714286,13,0,0,0,0,0,0,4,0,0
1933,com.westernunion.moneytransferr3app.eu,1.7,November 29 2016,900859,8329,54316,16.58551808,37999,247803.2998,0,1,0.0,0.53703926,17.20454984,1.222835875,173,4,3,0,1,4,1,162,185,18
1935,com.youthhr.phonto,1.7.8,November 15 2016,44706,413,3260,14.0206469,2707,21367.60291,4,2,27.49990347,0.370460046,4.12362479,0.297620623,31,0,0,0,0,0,0,21,34,10
1936,de.schildbach.wallet,Varies with device,January 17 2017,472233,3364,26735,17.66347485,23956,190387.5327,5,3,33.4664531,0.526159334,21.02321582,1.796373365,40,2,0,0,0,0,0,81,8,0
1938,de.twokit.video.tv.cast.browser.samsung,2.6,January 19 2017,132440,1440,10930,12.12717292,7641,44362.2129,1,3,42.00366919,0.364606442,10.14614614,0.467741934,64,1,0,0,2,2,1,26,0,4
1942,ee.smkv.calc.loan,4.0.2,May 08 2013,73132,553,5418,13.49796973,4725,46293.03797,3,2,57.26892,0.513562387,16.07910576,1.245931284,40,0,0,0,1,0,0,8,0,3
1943,fr.acetelecom.vc,2.3.5,December 20 2016,171469,1400,10314,16.62467661,10341,71104.716,32,4,39.21410604,0.364333333,16.93446069,1.212666667,140,0,0,0,1,0,0,34,0,12
1944,fr.xplod.focal,1.0-4aeccf19,December 02 2013,114290,862,6669,17.13750187,5916,45770.07425,0,1,75.0,0.513921114,7.382368848,1.602088167,18,1,0,0,0,0,0,33,0,15
1945,io.wifimap.wifimap,3.2.0,December 31 2016,868284,6696,52517,16.53338919,40439,317164.7197,27,3,48.49807982,0.660991637,17.24597701,1.501642772,152,6,2,1,0,6,0,162,125,16
1946,io.wifimap.wifimap,3.2.1,February 08 2017,843957,6418,51115,16.51094591,39930,318015.2618,27,3,48.45396217,0.658772203,17.91460962,1.598628856,176,6,2,1,0,6,0,159,125,16
1948,labou.com.secondscreen.app,3.5,November 25 2016,408063,3780,24069,16.95388259,16597,105680.7389,0,1,0.0,0.521428571,13.844886,0.856349206,107,1,0,0,1,2,0,58,7,8
1949,mixedbit.speechtrainer,1.04,April 13 2012,2301,42,203,11.33497537,82,396.3333333,0,1,47.8237185,0.0,14.65517241,0.523809524,5,0,0,0,0,0,0,0,0,0
1953,nf.frex.android,1.2.2,August 31 2013,8178,114,561,14.57754011,239,1176.131579,0,1,37.88499146,0.140350877,23.50877193,0.596491228,31,0,0,0,0,0,0,15,0,4
1954,no.mobitroll.kahoot.android,0.0.1,September 25 2015,8841,98,662,13.35498489,510,3445.102041,0,1,0.0,0.785714286,21.69491525,2.408163265,9,0,0,0,0,0,0,10,0,0
1955,org.bombusmod,0.8.1303,May 03 2013,95935,588,4095,23.42735043,5437,37864.82143,0,1,35.20727041,0.761904762,18.275154,4.756802721,5,1,0,0,0,0,0,10,0,2
1956,org.droidparts.battery_widget,1.0,May 22 2012,1134,16,64,17.71875,51,204.0,0,1,65.56156806,0.0,11.62790698,0.0,4,0,0,0,0,0,0,0,0,0
